-- phpMyAdmin SQL Dump
-- version 5.2.0
-- https://www.phpmyadmin.net/
--
-- Host: 127.0.0.1
-- Generation Time: Feb 15, 2023 at 02:54 PM
-- Server version: 10.4.24-MariaDB
-- PHP Version: 8.0.19

SET SQL_MODE = "NO_AUTO_VALUE_ON_ZERO";
START TRANSACTION;
SET time_zone = "+00:00";


/*!40101 SET @OLD_CHARACTER_SET_CLIENT=@@CHARACTER_SET_CLIENT */;
/*!40101 SET @OLD_CHARACTER_SET_RESULTS=@@CHARACTER_SET_RESULTS */;
/*!40101 SET @OLD_COLLATION_CONNECTION=@@COLLATION_CONNECTION */;
/*!40101 SET NAMES utf8mb4 */;

--
-- Database: `weebuminati`
--

-- --------------------------------------------------------

--
-- Table structure for table `banners`
--

CREATE TABLE `banners` (
  `id` bigint(20) UNSIGNED NOT NULL,
  `title` varchar(255) COLLATE utf8mb4_unicode_ci NOT NULL,
  `description` longtext COLLATE utf8mb4_unicode_ci NOT NULL,
  `image` varchar(255) COLLATE utf8mb4_unicode_ci NOT NULL,
  `is_deleted` tinyint(4) NOT NULL DEFAULT 0,
  `is_active` varchar(255) COLLATE utf8mb4_unicode_ci NOT NULL DEFAULT '1',
  `create_by` int(11) NOT NULL,
  `update_by` int(11) DEFAULT NULL,
  `created_at` timestamp NULL DEFAULT NULL,
  `updated_at` timestamp NULL DEFAULT NULL
) ENGINE=InnoDB DEFAULT CHARSET=utf8mb4 COLLATE=utf8mb4_unicode_ci;

--
-- Dumping data for table `banners`
--

INSERT INTO `banners` (`id`, `title`, `description`, `image`, `is_deleted`, `is_active`, `create_by`, `update_by`, `created_at`, `updated_at`) VALUES
(1, 'new fashion collection', 'Simply dummy text of the printing and typesetting industry. simply dummy text of the printing and typesetting industry.', '1675165115_2.jpg', 0, '1', 1, 1, '2023-01-31 04:34:02', '2023-02-07 11:29:52'),
(2, 'Men\'s fashion collection', 'Simply dummy text of the printing and typesetting industry. simply dummy text of the printing and typesetting industry.', '1675769450_2.jpg', 0, '1', 1, NULL, '2023-02-07 11:30:50', '2023-02-07 11:30:50'),
(3, 'Women\'s fashion collection', 'Simply dummy text of the printing and typesetting industry. simply dummy text of the printing and typesetting industry.', '1675769483_3.jpg', 0, '1', 1, NULL, '2023-02-07 11:31:23', '2023-02-07 11:31:23');

-- --------------------------------------------------------

--
-- Table structure for table `carts`
--

CREATE TABLE `carts` (
  `id` bigint(20) UNSIGNED NOT NULL,
  `product_id` bigint(20) UNSIGNED NOT NULL,
  `order_id` bigint(20) UNSIGNED DEFAULT NULL,
  `user_id` bigint(20) UNSIGNED DEFAULT NULL,
  `price` double(8,2) NOT NULL,
  `status` enum('new','progress','delivered','cancel') COLLATE utf8mb4_unicode_ci NOT NULL DEFAULT 'new',
  `quantity` int(11) NOT NULL,
  `size` varchar(191) COLLATE utf8mb4_unicode_ci DEFAULT NULL,
  `amount` double(8,2) NOT NULL,
  `created_at` timestamp NULL DEFAULT NULL,
  `updated_at` timestamp NULL DEFAULT NULL
) ENGINE=InnoDB DEFAULT CHARSET=utf8mb4 COLLATE=utf8mb4_unicode_ci;

--
-- Dumping data for table `carts`
--

INSERT INTO `carts` (`id`, `product_id`, `order_id`, `user_id`, `price`, `status`, `quantity`, `size`, `amount`, `created_at`, `updated_at`) VALUES
(2, 4, NULL, 2, 475.00, 'new', 3, 'a5', 1425.00, '2023-02-14 09:33:58', '2023-02-14 09:35:49');

-- --------------------------------------------------------

--
-- Table structure for table `categories`
--

CREATE TABLE `categories` (
  `id` bigint(20) UNSIGNED NOT NULL,
  `title` varchar(255) COLLATE utf8mb4_unicode_ci NOT NULL,
  `slug` varchar(255) COLLATE utf8mb4_unicode_ci NOT NULL,
  `summary` longtext COLLATE utf8mb4_unicode_ci NOT NULL,
  `image` varchar(255) COLLATE utf8mb4_unicode_ci NOT NULL,
  `is_parent` int(11) NOT NULL DEFAULT 1,
  `parent_id` int(11) DEFAULT NULL,
  `is_deleted` tinyint(4) NOT NULL DEFAULT 0,
  `is_active` varchar(255) COLLATE utf8mb4_unicode_ci NOT NULL DEFAULT '1',
  `create_by` int(11) NOT NULL,
  `update_by` int(11) DEFAULT NULL,
  `created_at` timestamp NULL DEFAULT NULL,
  `updated_at` timestamp NULL DEFAULT NULL
) ENGINE=InnoDB DEFAULT CHARSET=utf8mb4 COLLATE=utf8mb4_unicode_ci;

--
-- Dumping data for table `categories`
--

INSERT INTO `categories` (`id`, `title`, `slug`, `summary`, `image`, `is_parent`, `parent_id`, `is_deleted`, `is_active`, `create_by`, `update_by`, `created_at`, `updated_at`) VALUES
(1, 'Notebooks', 'notebooks', 'A notebook with the page turning over.', '1675774433_book-1.png', 1, NULL, 0, '1', 1, NULL, '2023-02-07 12:53:53', '2023-02-07 12:53:53'),
(2, 'Posters', 'posters', 'Posters', '1675774660_posters-new.png', 1, NULL, 0, '1', 1, NULL, '2023-02-07 12:57:40', '2023-02-07 12:57:40'),
(3, 'Stickers', 'stickers', 'Stickers', '1675774890_stickers01-new.png', 1, NULL, 0, '1', 1, NULL, '2023-02-07 13:01:30', '2023-02-07 13:01:30'),
(4, 'DC notebooks', 'dc-notebooks', 'DC notebooks', '1675775184_death-note.png', 0, 1, 0, '1', 1, NULL, '2023-02-07 13:06:24', '2023-02-07 13:06:24'),
(5, 'Video Games Notebooks', 'video-games-notebooks', 'Video Games Notebooks', '1675775294_Video-Games-Notebooks.jpg', 0, 1, 0, '1', 1, NULL, '2023-02-07 13:08:14', '2023-02-07 13:08:14'),
(6, 'Anime Posters', 'anime-posters', 'Anime Posters', '1675775385_Anime-Posters.jpg', 0, 2, 0, '1', 1, 1, '2023-02-07 13:09:46', '2023-02-07 13:10:40'),
(7, 'DC Posters', 'dc-posters', 'DC Posters', '1675775426_Anime-Posters.jpg', 0, 2, 0, '1', 1, NULL, '2023-02-07 13:10:26', '2023-02-07 13:10:26'),
(8, 'Anime Stickers', 'anime-stickers', 'Anime Stickers', '1675775511_Anime-Stickers.jpg', 0, 3, 0, '1', 1, NULL, '2023-02-07 13:11:51', '2023-02-07 13:11:51'),
(9, 'DC Stickers', 'dc-stickers', 'DC Stickers', '1675775535_Anime-Stickers.jpg', 0, 3, 0, '1', 1, NULL, '2023-02-07 13:12:15', '2023-02-07 13:12:15');

-- --------------------------------------------------------

--
-- Table structure for table `failed_jobs`
--

CREATE TABLE `failed_jobs` (
  `id` bigint(20) UNSIGNED NOT NULL,
  `uuid` varchar(255) COLLATE utf8mb4_unicode_ci NOT NULL,
  `connection` text COLLATE utf8mb4_unicode_ci NOT NULL,
  `queue` text COLLATE utf8mb4_unicode_ci NOT NULL,
  `payload` longtext COLLATE utf8mb4_unicode_ci NOT NULL,
  `exception` longtext COLLATE utf8mb4_unicode_ci NOT NULL,
  `failed_at` timestamp NOT NULL DEFAULT current_timestamp()
) ENGINE=InnoDB DEFAULT CHARSET=utf8mb4 COLLATE=utf8mb4_unicode_ci;

-- --------------------------------------------------------

--
-- Table structure for table `migrations`
--

CREATE TABLE `migrations` (
  `id` int(10) UNSIGNED NOT NULL,
  `migration` varchar(255) COLLATE utf8mb4_unicode_ci NOT NULL,
  `batch` int(11) NOT NULL
) ENGINE=InnoDB DEFAULT CHARSET=utf8mb4 COLLATE=utf8mb4_unicode_ci;

--
-- Dumping data for table `migrations`
--

INSERT INTO `migrations` (`id`, `migration`, `batch`) VALUES
(1, '2014_10_12_000000_create_users_table', 1),
(2, '2014_10_12_100000_create_password_resets_table', 1),
(3, '2019_08_19_000000_create_failed_jobs_table', 1),
(4, '2019_12_14_000001_create_personal_access_tokens_table', 1),
(5, '2023_01_31_045407_create_banners_table', 2),
(6, '2023_01_31_124518_create_categories_table', 3),
(7, '2023_02_01_093416_create_products_table', 4),
(8, '2023_02_03_100252_create_product_images_table', 5),
(9, '2023_02_11_102928_create_post_categories_table', 6),
(10, '2023_02_11_123228_create_posts_table', 7),
(11, '2023_02_11_150948_create_settings_table', 8),
(12, '2023_02_13_110425_create_carts_table', 9),
(13, '2023_02_14_191635_create_orders_table', 10);

-- --------------------------------------------------------

--
-- Table structure for table `orders`
--

CREATE TABLE `orders` (
  `id` bigint(20) UNSIGNED NOT NULL,
  `order_number` varchar(191) COLLATE utf8mb4_unicode_ci NOT NULL,
  `user_id` bigint(20) UNSIGNED DEFAULT NULL,
  `sub_total` double(8,2) NOT NULL,
  `coupon` double(8,2) DEFAULT NULL,
  `shipping_amount` double(8,2) NOT NULL,
  `total_amount` double(8,2) NOT NULL,
  `quantity` int(11) NOT NULL,
  `payment_method` enum('cod','online') COLLATE utf8mb4_unicode_ci NOT NULL DEFAULT 'cod',
  `payment_status` enum('paid','unpaid') COLLATE utf8mb4_unicode_ci NOT NULL DEFAULT 'unpaid',
  `status` enum('new','process','delivered','cancel') COLLATE utf8mb4_unicode_ci NOT NULL DEFAULT 'new',
  `first_name` varchar(191) COLLATE utf8mb4_unicode_ci NOT NULL,
  `last_name` varchar(191) COLLATE utf8mb4_unicode_ci NOT NULL,
  `email` varchar(191) COLLATE utf8mb4_unicode_ci NOT NULL,
  `phone` varchar(191) COLLATE utf8mb4_unicode_ci NOT NULL,
  `country` varchar(191) COLLATE utf8mb4_unicode_ci NOT NULL,
  `post_code` varchar(191) COLLATE utf8mb4_unicode_ci DEFAULT NULL,
  `address1` text COLLATE utf8mb4_unicode_ci NOT NULL,
  `address2` text COLLATE utf8mb4_unicode_ci DEFAULT NULL,
  `created_at` timestamp NULL DEFAULT NULL,
  `updated_at` timestamp NULL DEFAULT NULL
) ENGINE=InnoDB DEFAULT CHARSET=utf8mb4 COLLATE=utf8mb4_unicode_ci;

-- --------------------------------------------------------

--
-- Table structure for table `password_resets`
--

CREATE TABLE `password_resets` (
  `email` varchar(255) COLLATE utf8mb4_unicode_ci NOT NULL,
  `token` varchar(255) COLLATE utf8mb4_unicode_ci NOT NULL,
  `created_at` timestamp NULL DEFAULT NULL
) ENGINE=InnoDB DEFAULT CHARSET=utf8mb4 COLLATE=utf8mb4_unicode_ci;

--
-- Dumping data for table `password_resets`
--

INSERT INTO `password_resets` (`email`, `token`, `created_at`) VALUES
('parth@test.tk', '$2y$10$2Vb/Oqc95ZeWACl23F5i0e8MG6mdq65QEj3crAUFbXQ.muBSeffIa', '2023-01-30 03:42:21'),
('admin@admin.com', '$2y$10$YbC1S7qdGVtXm.afELuLPetafoE7OxDU40blolsvkp9aKtsHLD90S', '2023-01-30 03:43:34');

-- --------------------------------------------------------

--
-- Table structure for table `personal_access_tokens`
--

CREATE TABLE `personal_access_tokens` (
  `id` bigint(20) UNSIGNED NOT NULL,
  `tokenable_type` varchar(255) COLLATE utf8mb4_unicode_ci NOT NULL,
  `tokenable_id` bigint(20) UNSIGNED NOT NULL,
  `name` varchar(255) COLLATE utf8mb4_unicode_ci NOT NULL,
  `token` varchar(64) COLLATE utf8mb4_unicode_ci NOT NULL,
  `abilities` text COLLATE utf8mb4_unicode_ci DEFAULT NULL,
  `last_used_at` timestamp NULL DEFAULT NULL,
  `expires_at` timestamp NULL DEFAULT NULL,
  `created_at` timestamp NULL DEFAULT NULL,
  `updated_at` timestamp NULL DEFAULT NULL
) ENGINE=InnoDB DEFAULT CHARSET=utf8mb4 COLLATE=utf8mb4_unicode_ci;

-- --------------------------------------------------------

--
-- Table structure for table `posts`
--

CREATE TABLE `posts` (
  `id` bigint(20) UNSIGNED NOT NULL,
  `category_id` bigint(20) UNSIGNED DEFAULT NULL,
  `user_id` bigint(20) UNSIGNED DEFAULT NULL,
  `title` varchar(255) COLLATE utf8mb4_unicode_ci NOT NULL,
  `slug` varchar(255) COLLATE utf8mb4_unicode_ci NOT NULL,
  `summary` text COLLATE utf8mb4_unicode_ci NOT NULL,
  `description` longtext COLLATE utf8mb4_unicode_ci DEFAULT NULL,
  `image` varchar(255) COLLATE utf8mb4_unicode_ci NOT NULL,
  `is_deleted` tinyint(4) NOT NULL DEFAULT 0,
  `is_active` varchar(255) COLLATE utf8mb4_unicode_ci NOT NULL DEFAULT '1',
  `create_by` int(11) NOT NULL,
  `update_by` int(11) DEFAULT NULL,
  `created_at` timestamp NULL DEFAULT NULL,
  `updated_at` timestamp NULL DEFAULT NULL
) ENGINE=InnoDB DEFAULT CHARSET=utf8mb4 COLLATE=utf8mb4_unicode_ci;

--
-- Dumping data for table `posts`
--

INSERT INTO `posts` (`id`, `category_id`, `user_id`, `title`, `slug`, `summary`, `description`, `image`, `is_deleted`, `is_active`, `create_by`, `update_by`, `created_at`, `updated_at`) VALUES
(1, 1, 1, 'Where does it come from?', 'where-does-it-come-from', 'The standard chunk of Lorem Ipsum used since the 1500s is reproduced below for those interested.', '<h2 style=\"margin-bottom: 10px; line-height: 24px; font-size: 24px; font-family: DauphinPlain;\">What is Lorem Ipsum?</h2><p style=\"margin-bottom: 15px; color: rgb(0, 0, 0); letter-spacing: normal; text-align: justify; font-family: &quot;Open Sans&quot;, Arial, sans-serif; font-size: 14px;\"><span style=\"font-weight: bolder;\">Lorem Ipsum</span>&nbsp;is simply dummy text of the printing and typesetting industry. Lorem Ipsum has been the industry\'s standard dummy text ever since the 1500s, when an unknown printer took a galley of type and scrambled it to make a type specimen book. It has survived not only five centuries, but also the leap into electronic typesetting, remaining essentially unchanged. It was popularised in the 1960s with the release of Letraset sheets containing Lorem Ipsum passages, and more recently with desktop publishing software like Aldus PageMaker including versions of Lorem Ipsum.</p><p style=\"margin-bottom: 15px; color: rgb(0, 0, 0); letter-spacing: normal; text-align: justify; font-family: &quot;Open Sans&quot;, Arial, sans-serif; font-size: 14px;\"><span style=\"font-weight: bolder;\">Lorem Ipsum</span>&nbsp;is simply dummy text of the printing and typesetting industry. Lorem Ipsum has been the industry\'s standard dummy text ever since the 1500s, when an unknown printer took a galley of type and scrambled it to make a type specimen book. It has survived not only five centuries, but also the leap into electronic typesetting, remaining essentially unchanged. It was popularised in the 1960s with the release of Letraset sheets containing Lorem Ipsum passages, and more recently with desktop publishing software like Aldus PageMaker including versions of Lorem Ipsum.</p><p style=\"margin-bottom: 15px; color: rgb(0, 0, 0); letter-spacing: normal; text-align: justify; font-family: &quot;Open Sans&quot;, Arial, sans-serif; font-size: 14px;\"><img src=\"data:image/jpeg;base64,/9j/4AAQSkZJRgABAQEAAQABAAD/2wBDAAMCAgICAgMCAgIDAwMDBAYEBAQEBAgGBgUGCQgKCgkICQkKDA8MCgsOCwkJDRENDg8QEBEQCgwSExIQEw8QEBD/wAALCAD6AXIBAREA/8QAHQABAAMBAAMBAQAAAAAAAAAAAAcICQYDBAUBAv/EAEAQAAEDAwMDAQYCBQoHAQAAAAABAgMEBQYHCBESEyExCRQiMkFRFWEWGCNCcRckQ1JYgYKWwdMlMzRTcnN1k//aAAgBAQAAPwC0AAAAAAAAAAAAAAAAAAAAAAAAAAAAAAAAAAAAAAAAAAAAAAAAAAAAAAAAAAAAAAAAAAAAAAAAAAAAAAAAAAAAAAAAAAAAAAAAAAAAAAAAAAAAAAAAAAAAAAAAAAAAAAAAAAAAAAAAAAAAAAAAAAAAAAAAAAAAAAAAAAAAAAAAAAAAAAAAAAAAAAAAAAAAAAAAAAAAAAAAAAAAAAAAAAAAAAAAAAAAAAAAAAAAAAAAAAAAAAAAAAAAAAAAAAAAAAAAAAAAAAAAAAAAAAAAAAAAAAAAAAAAAAAAAAAAAAAAAAAAAAAAAAAAAAABWzcjvOseit/h07xDG5ctzWo7aLQxPVIqVZOO21/SiufI7lFSNqc8KiqqcpzF1w3f7wcCo25bqZtspIcaYqOnfBS1VNJExf8AuSOklSP7cvYnnwWj0R1vwrXrC48xw2aViMk93raKoREno50RFVj0RVRUVFRUcnhUX7oqJBm4HcJuxwDVC44xpVoemSY5Tw076a4/o1cqzuOfE10id2CVsa8PVycInjjhfJHP62+/b+zGn+S7z/vHN3T2ge6+yZDDiV60kxm33ypdGyG21dhuMNVI6ReI0SJ9Sjl6lVOPHn6GhNwyGgxzGJsnyysgttJQUa1dwmkXiOBrWdT1X18J58eV/iU2qN82tmp9/r6HbVoX+OWu3P6X11xgmnV6fRzkifGyFXfRqvcqonP3ROk0e3z3O46gRaTbgcAdg+Q1MrKenqEbJFAsz/kZLFNy+NHeEa/qc1Vcnonkt0AfjnNY1XvcjWtTlVVeERCm2eb+L3ec2n0+216ZS5xXUznNdXvZLLDL0rw50cMXDliRf6Rz2p+XHCr8Su3t7k9Kqukq9etvUNDZaqRI/eaGKel4Vfo2SR8sbn8eehVaq8L5T1S3+m+o2J6r4db86wq4+92u4sVWKqdMkT0Xh8cjf3XtXlFT+9OUVFWvm8HdZqDoVmGKYXprj1lvFxvtNJPNBX0s9RI5XSpHAyJsMrF5c5JE4+JVXp44+sX/AK2u/f8Asxt/ybef94mDbDrfuY1Nze42TWjSBMTs1Pan1VNWJYK+h7lSk0TWx9dRI5q8sfIvSic/Dz6IpLetmtWG6EYTPmuYzyOZ1pBR0cHCz1lQqKqRsRfHoiqrl8IiKv2Raq0O8XeBmlvfmWnu22lqMXVXPhe+irKqSWNF89EjZI+76ccsjVOUUmfbHu8xncG6qxu4Wh2OZfbo1lqLZJL1snjRel0kLlRFXpXjqY5EVvKeXJyqWBAAAAAAAAAAAAK6aY7QKXBNfb5rtf8ANf0mrLqtXPSwT27suoqieRFV7X9xyO6Y+uNvhvCOJxzO8YtYcUu11zeqo6ewwUki3B9Zx2VgVqo5rkX5upF46frzwiLyUZ9l/Q3db9qHeKKCeLHZI6SBvXz0uqEfI5jUX0VzY3O5+3W37oaAEfa86v2jQ3TC76gXRrJpaViQW+lc7j3qsfykUX3455c7jyjWuX6FXNiGkF4zvILrur1Uc+43e7VUyWV1S3nl6qrZqpE9ERPMUaJ4ajX8J8qp03tL85rMf0ds+HUM7olyi6olTwvHcpqdvccz/wDR0K/4SbdsWn9u010Kw/HqGkZDNNbILhXuRvDpKudiSSucv1VFd0oq/utanoiEE+0v0/tt00stGpMFKxl3x+5xUjqlqcPdSTI5FYqp5XiVI1bz6dT+PmUlPBdwDKHavjeuGSWS931kNqiW7JaYopqhHxOWGeoVskjEVqPjc53CqqIqrxwiqnUaE7hNP9wtgrb9gzq+BbbUJTVdFcY446mFVTlj1ax729Dk56VR3lWuT1RT+ddtxGnm3myUN5zl9fUSXOdYKSht0cclVN0py96Ne9jehvLeVVyeXNTyqnr3i6X/AF/293Sq0/oK7F63MLTLBbf0ga2CRkMqdPdckDpVYjo1crVTlfLV4Q5jZ3tzuG3nBbnbMoS01OR3W4umqa23vfIx9O1rWwxo57GO4Re47jj1epIWu9vxi56MZrS5jHC+0fgdZLULKicM6InOa9vPo9rmtVqp56kTjyVc9lvU3d+D5zSTrItsiutK+mRflSd0Lkm4/PpbDz/cc1qfV0Wfe0hsNBcauGK24Y2kkmqJpEZDCykpnVznOcvhqJI/hVX6lrP1rtuH4p+EfyyYz3+ro6ve/wBjz/7uO3x+fVwSjR1tHcaSGvt9XDVU1QxJIZoZEfHIxU5RzXJ4VFT6oZ+bxZptYN4WA6J1E0i2ehdQ01TE1ypw6pkSSoen59hI0T/x/M0DoqKjttHBbrfSxU1LSxNhghiYjWRxtThrWonhERERERPsZ77soafQTeLg+r2NxNoYrysFdcmxfAkz2yrDV+nj9pA5vV93Ocq8qpocAAAAAAAAAAAAChusGw/XnOqa4Xyp12flFas81XTWa5SVKQR9TlckUMkkj2t4RelvwNb6eWodTsX3A0FXNPtyyPBbfiN/sDZ/d4qKJ0TKp8TuJ2SsernJUN4VznK5epEd8vT5uSZ5b1r/AHjXfcliW27GKpyU1tnhhqVb5a2rqER8srkT1SKn6V+6ftEL9Yxjdow/HLZitgpG01ttFJFR0sSfuxxtRrefuvCeV+q8qUZ9qosnb0xROe3zeVX7c/zLj/UvLiyRtxm0Ni46EoKdG8fbtt4IJ9oAka7XMm6+OUqrd0/x98i/05PJsQgZV7TsSpa2Fk1PKt0jWORqOa+Na+oRWqi+FReVRUKz53j1+2EbjKLULFqWpqNOsnkfHJTRryiQOciy0i8rx3I14kiVVTlERFVeHnuaNYTkm+HXWv1v1MopI8FsFQ2Git8i8xS9C9UVE36OanKSTO/eV3HCdfw6IsY1jUYxqNa1OERE4RE+x4quspLfSTV9fVRU1NTxulmmmejGRsanLnOcvhEREVVVfQz53Ga+5Zuvy+Dbrt7pJq2ySzotxuCcsZXdtyKr3O/o6WNeHdS+XuRvCfKjrkaCaM2PQfTW3YDZpfeJYlWpuFYrelaureidyVU+ieGtan0a1qcqqcrVm9+z+zjUbX3Is51Iy62QYpe7lVXBW2mokdWvidLzDTqkkSNYqM6UV3xonT4ReeUk/IvZ37b7tYJLZZbJdLHcFjVIrlBc55pGv48OdHK50bk59URreU9FT1IO2cZznGhe4S67Wc1uLqq2VFTU09K1XKsdPVsYszJYufljmjRV6fqr2L4Xq5ZLy72pNOlR8qVtF0c//GjVOP8AEaGGe/tT0j/GtOVT5/dbnz/Drp+P9TQOl7i00Ky/P229XP348nlAAAAAAAAAAABWHb1vAuurWsGQ6SZriVBjNxtbJ20kLKl8kks9PKrJ4lVyIiuROXIiInhj1+hZ4zi0xqaXUP2klwyfB3NntNFX19VPU0/mNYo6J1O+RFTwrXzOREX0XuIv1NGKqpgoqaasqpEjhgjdLI9fRrWpyqr/AHIZ57CaObVfcnn2tl3hdI+lZUVUSu/oaiumd08fbiJkzET7KaIlOfab4ZVXnSXH8ypYXSJjl3WOoVE/5cFSzp61/LuRwt/i9CwG3bOLfqHolhuT0FUyZ0topqeqRrue3VRMSOZi/ZUe13r9OF+pBHtLc4t9m0ZtuEJVM/Eciu0UiQdXxe7QI5738fZJFhT+9fsTdtiwyr0/0BwfFrhC6Grp7UyoqYnJw6Kadzp3sX82ulVF/NCoe4jPL/vF1ytW3TS2rRcXslY6W43FidcUksfLZqpVTwscTXOYzyiPe5eFXqZx59rupWRbWdZLptf1aqu3Za6u/wCE10nwwxVEnHalYq+kM6dPP9V/HPHxqX9rq2jtlFUXK41UVNS0kT555pXI1kUbUVXOcq+ERERVVfyM8dSNU9VN9Go02j+jazWzAaCRH11bJ1RsniR3HvFSqeehVT9nB6qqIqpynwXK0K0AwLQDFUx/EKPu1lQjXXG6TtT3mukT6uX91icr0sTw3n6qquWSys2gG8iTWHVq96TZPg8GKXO2RVHYjdcVqHzzwS9E0PmNnxInU7hE9GO+xZkzmxGop9Z/aSVeVYk9Km02mtdUzVUK9UaxUdE2m7iOT1a+ZrGovoqPT6H0N2KfyQ728D1duDVis9zdb6mpqOPCJC/sVKfmrYe27/EhoNDNDUQsqKeVksUrUex7HI5rmqnKKip4VFT6meu8+WLWXdtgGj1helY63pTUdcka9XZknm7k/PH9SBrHr9k5+xoaAAAAAAAAAAAAVX3G7KpNR8xZq3pDlTcSzZj2TTPc58cFTMxERsySRor4ZeERFc1HI7hOUReXLwN10T9ohn1tfheX6wWWkskzexUzR1EcTpYuOHIrqenbK9FTwrXKiO9F9VLBbbdseG7csfnpbVUPut+uSN/ErvNEjHSo30jjZyvbjRfPTyqqvlVXhESRdQbLdckwLJcdsNRBBc7raKyiopahzmxRzywvZG56tRVRqOciqqIq8c8IvoQlsx22Zbtzx/JaHM7nZa2uvlZBKx9rmlkY2KJjkRHLJHGvPU93hEVOPqWMPkZbilhznGbliGUW9lbartTvpaqB/jqY5PoqeUci8Kip5RURU8oUsotpG6zQa83D9WzVqifYLhKsnule5jZEX0RXwyxSQueicJ3G8KvHoicIfc0z2Uah5RqTT6t7ps5p8muFG9ktPbIJHTRvcxeWNlcrWMZG13K9qNvSqr5XjlFsLuAxrVjM9OK/EtH7tZbVdbv/ADWpr7lUzQ+70rkXudlYopF7jk+HleOlFVUXnjjjtpG2Om26YfVR3iehuGWXmTquVdS9TomxNVe3BE57Wu6ET4lVWoqucvPhrePT3fbV2bisft9bjdVb7bl9mejKSsrFeyGamcvL4ZXMa5yIi/G1UavC9SeEeqp62SaQ7jsw2tT6N37KsVdl8vZt8l3ZXVSw1VuY9rl7j1p0ekrmt7bvhVHJyqry5USvGK7Dd3+Cwz02E612LH4apyPnjteR3SkbK5E4RXJHTojlRFXhVPufqkb9v7Tif50vP+yWA2raTa8aWw5MzW/Uz9L3XJ1GtsX8ZrK/3ZI0m7v/AFLG9HV1x/Lzz0+fRDi9xmyWbUPNE1c0dytmJZn3G1E/W6SOConb8s7ZIkV8MvhOVRrkdwi8IvUruGuuivtEs8tjsKy3V6y0tknZ2ameOojidLEvhzXPp6dJnoqeFRyojvRfVSwm2zbNiO3LGp6C1VLrrfLn0Oud2ljRjpunnpjjZyvbjbyqo3lVVVVVVfCJ9XcFoFie4XCFxPI5X0VXTSLUWy5QsR0lHPxxzwqp1scnhzFVOU48oqIqVhs+gntA9ObQmAYLq9Zpsdib2aWV1QxzoIvREa6aB0sSIno1jlRv7pK+1zZ9BoldqzUPO8hZk2dXJsjX1aK98VKki8yqx8nxySPXnqkciLwqoiJy5XWVAAAAAAAAAAAAAAAAAAAAAAAAAAAAAAAAAAAAAAAAAAAAAAAAAAAAAAAAAAAAAAAAAAAAAAAAAAAAAAAAAAAAAAAAAAAAAAAAAAAAAAAAAAAAAAAAAAAAAAAAAAAAAAAAAAAAAAAAAAAAAAAAAAAAAAAAAAAAAAAAAAAAAAAAAAAAAAAAAAAAAAAAAAAAAAAAAAAAAAAAAAAAAAAAAAAAAAAAAAAAAAAAAAAAAAAAAAAAAAAAAAAAAAAAAAAAAAAAAAAAAAAAAAAAAAAAAAAAAAAAAAAAAAAAAAAAAAAAAAAAAAAAAAAAAAAAAAAAAAAAAAAAAAAAAAAAAAAP/9k=\" data-filename=\"1.jpg\" style=\"width: 370px;\"></p>', '1676106998_5.jpg', 0, '1', 1, 1, '2023-02-11 09:16:38', '2023-02-11 09:18:52'),
(2, 1, 1, 'Where does it come from?01', 'where-does-it-come-from01', 'The standard chunk of Lorem Ipsum used since the 1500s is reproduced below for those interested.', '<h2 style=\"margin-bottom: 10px; line-height: 24px; font-size: 24px; font-family: DauphinPlain;\">What is Lorem Ipsum?</h2><p style=\"margin-bottom: 15px; color: rgb(0, 0, 0); letter-spacing: normal; text-align: justify; font-family: &quot;Open Sans&quot;, Arial, sans-serif; font-size: 14px;\"><span style=\"font-weight: bolder;\">Lorem Ipsum</span>&nbsp;is simply dummy text of the printing and typesetting industry. Lorem Ipsum has been the industry\'s standard dummy text ever since the 1500s, when an unknown printer took a galley of type and scrambled it to make a type specimen book. It has survived not only five centuries, but also the leap into electronic typesetting, remaining essentially unchanged. It was popularised in the 1960s with the release of Letraset sheets containing Lorem Ipsum passages, and more recently with desktop publishing software like Aldus PageMaker including versions of Lorem Ipsum.</p><p style=\"margin-bottom: 15px; color: rgb(0, 0, 0); letter-spacing: normal; text-align: justify; font-family: &quot;Open Sans&quot;, Arial, sans-serif; font-size: 14px;\"><span style=\"font-weight: bolder;\">Lorem Ipsum</span>&nbsp;is simply dummy text of the printing and typesetting industry. Lorem Ipsum has been the industry\'s standard dummy text ever since the 1500s, when an unknown printer took a galley of type and scrambled it to make a type specimen book. It has survived not only five centuries, but also the leap into electronic typesetting, remaining essentially unchanged. It was popularised in the 1960s with the release of Letraset sheets containing Lorem Ipsum passages, and more recently with desktop publishing software like Aldus PageMaker including versions of Lorem Ipsum.</p><p style=\"margin-bottom: 15px; color: rgb(0, 0, 0); letter-spacing: normal; text-align: justify; font-family: &quot;Open Sans&quot;, Arial, sans-serif; font-size: 14px;\"><img src=\"data:image/jpeg;base64,/9j/4AAQSkZJRgABAQEAAQABAAD/2wBDAAMCAgICAgMCAgIDAwMDBAYEBAQEBAgGBgUGCQgKCgkICQkKDA8MCgsOCwkJDRENDg8QEBEQCgwSExIQEw8QEBD/wAALCAD6AXIBAREA/8QAHQABAAMBAAMBAQAAAAAAAAAAAAcICQYDBAUBAv/EAEAQAAEDAwMDAQYCBQoHAQAAAAABAgMEBQYHCBESEyExCRQiMkFRFWEWGCNCcRckQ1JYgYKWwdMlMzRTcnN1k//aAAgBAQAAPwC0AAAAAAAAAAAAAAAAAAAAAAAAAAAAAAAAAAAAAAAAAAAAAAAAAAAAAAAAAAAAAAAAAAAAAAAAAAAAAAAAAAAAAAAAAAAAAAAAAAAAAAAAAAAAAAAAAAAAAAAAAAAAAAAAAAAAAAAAAAAAAAAAAAAAAAAAAAAAAAAAAAAAAAAAAAAAAAAAAAAAAAAAAAAAAAAAAAAAAAAAAAAAAAAAAAAAAAAAAAAAAAAAAAAAAAAAAAAAAAAAAAAAAAAAAAAAAAAAAAAAAAAAAAAAAAAAAAAAAAAAAAAAAAAAAAAAAAAAAAAAAAAAAAAAAAABWzcjvOseit/h07xDG5ctzWo7aLQxPVIqVZOO21/SiufI7lFSNqc8KiqqcpzF1w3f7wcCo25bqZtspIcaYqOnfBS1VNJExf8AuSOklSP7cvYnnwWj0R1vwrXrC48xw2aViMk93raKoREno50RFVj0RVRUVFRUcnhUX7oqJBm4HcJuxwDVC44xpVoemSY5Tw076a4/o1cqzuOfE10id2CVsa8PVycInjjhfJHP62+/b+zGn+S7z/vHN3T2ge6+yZDDiV60kxm33ypdGyG21dhuMNVI6ReI0SJ9Sjl6lVOPHn6GhNwyGgxzGJsnyysgttJQUa1dwmkXiOBrWdT1X18J58eV/iU2qN82tmp9/r6HbVoX+OWu3P6X11xgmnV6fRzkifGyFXfRqvcqonP3ROk0e3z3O46gRaTbgcAdg+Q1MrKenqEbJFAsz/kZLFNy+NHeEa/qc1Vcnonkt0AfjnNY1XvcjWtTlVVeERCm2eb+L3ec2n0+216ZS5xXUznNdXvZLLDL0rw50cMXDliRf6Rz2p+XHCr8Su3t7k9Kqukq9etvUNDZaqRI/eaGKel4Vfo2SR8sbn8eehVaq8L5T1S3+m+o2J6r4db86wq4+92u4sVWKqdMkT0Xh8cjf3XtXlFT+9OUVFWvm8HdZqDoVmGKYXprj1lvFxvtNJPNBX0s9RI5XSpHAyJsMrF5c5JE4+JVXp44+sX/AK2u/f8Asxt/ybef94mDbDrfuY1Nze42TWjSBMTs1Pan1VNWJYK+h7lSk0TWx9dRI5q8sfIvSic/Dz6IpLetmtWG6EYTPmuYzyOZ1pBR0cHCz1lQqKqRsRfHoiqrl8IiKv2Raq0O8XeBmlvfmWnu22lqMXVXPhe+irKqSWNF89EjZI+76ccsjVOUUmfbHu8xncG6qxu4Wh2OZfbo1lqLZJL1snjRel0kLlRFXpXjqY5EVvKeXJyqWBAAAAAAAAAAAAK6aY7QKXBNfb5rtf8ANf0mrLqtXPSwT27suoqieRFV7X9xyO6Y+uNvhvCOJxzO8YtYcUu11zeqo6ewwUki3B9Zx2VgVqo5rkX5upF46frzwiLyUZ9l/Q3db9qHeKKCeLHZI6SBvXz0uqEfI5jUX0VzY3O5+3W37oaAEfa86v2jQ3TC76gXRrJpaViQW+lc7j3qsfykUX3455c7jyjWuX6FXNiGkF4zvILrur1Uc+43e7VUyWV1S3nl6qrZqpE9ERPMUaJ4ajX8J8qp03tL85rMf0ds+HUM7olyi6olTwvHcpqdvccz/wDR0K/4SbdsWn9u010Kw/HqGkZDNNbILhXuRvDpKudiSSucv1VFd0oq/utanoiEE+0v0/tt00stGpMFKxl3x+5xUjqlqcPdSTI5FYqp5XiVI1bz6dT+PmUlPBdwDKHavjeuGSWS931kNqiW7JaYopqhHxOWGeoVskjEVqPjc53CqqIqrxwiqnUaE7hNP9wtgrb9gzq+BbbUJTVdFcY446mFVTlj1ax729Dk56VR3lWuT1RT+ddtxGnm3myUN5zl9fUSXOdYKSht0cclVN0py96Ne9jehvLeVVyeXNTyqnr3i6X/AF/293Sq0/oK7F63MLTLBbf0ga2CRkMqdPdckDpVYjo1crVTlfLV4Q5jZ3tzuG3nBbnbMoS01OR3W4umqa23vfIx9O1rWwxo57GO4Re47jj1epIWu9vxi56MZrS5jHC+0fgdZLULKicM6InOa9vPo9rmtVqp56kTjyVc9lvU3d+D5zSTrItsiutK+mRflSd0Lkm4/PpbDz/cc1qfV0Wfe0hsNBcauGK24Y2kkmqJpEZDCykpnVznOcvhqJI/hVX6lrP1rtuH4p+EfyyYz3+ro6ve/wBjz/7uO3x+fVwSjR1tHcaSGvt9XDVU1QxJIZoZEfHIxU5RzXJ4VFT6oZ+bxZptYN4WA6J1E0i2ehdQ01TE1ypw6pkSSoen59hI0T/x/M0DoqKjttHBbrfSxU1LSxNhghiYjWRxtThrWonhERERERPsZ77soafQTeLg+r2NxNoYrysFdcmxfAkz2yrDV+nj9pA5vV93Ocq8qpocAAAAAAAAAAAAChusGw/XnOqa4Xyp12flFas81XTWa5SVKQR9TlckUMkkj2t4RelvwNb6eWodTsX3A0FXNPtyyPBbfiN/sDZ/d4qKJ0TKp8TuJ2SsernJUN4VznK5epEd8vT5uSZ5b1r/AHjXfcliW27GKpyU1tnhhqVb5a2rqER8srkT1SKn6V+6ftEL9Yxjdow/HLZitgpG01ttFJFR0sSfuxxtRrefuvCeV+q8qUZ9qosnb0xROe3zeVX7c/zLj/UvLiyRtxm0Ni46EoKdG8fbtt4IJ9oAka7XMm6+OUqrd0/x98i/05PJsQgZV7TsSpa2Fk1PKt0jWORqOa+Na+oRWqi+FReVRUKz53j1+2EbjKLULFqWpqNOsnkfHJTRryiQOciy0i8rx3I14kiVVTlERFVeHnuaNYTkm+HXWv1v1MopI8FsFQ2Git8i8xS9C9UVE36OanKSTO/eV3HCdfw6IsY1jUYxqNa1OERE4RE+x4quspLfSTV9fVRU1NTxulmmmejGRsanLnOcvhEREVVVfQz53Ga+5Zuvy+Dbrt7pJq2ySzotxuCcsZXdtyKr3O/o6WNeHdS+XuRvCfKjrkaCaM2PQfTW3YDZpfeJYlWpuFYrelaureidyVU+ieGtan0a1qcqqcrVm9+z+zjUbX3Is51Iy62QYpe7lVXBW2mokdWvidLzDTqkkSNYqM6UV3xonT4ReeUk/IvZ37b7tYJLZZbJdLHcFjVIrlBc55pGv48OdHK50bk59URreU9FT1IO2cZznGhe4S67Wc1uLqq2VFTU09K1XKsdPVsYszJYufljmjRV6fqr2L4Xq5ZLy72pNOlR8qVtF0c//GjVOP8AEaGGe/tT0j/GtOVT5/dbnz/Drp+P9TQOl7i00Ky/P229XP348nlAAAAAAAAAAABWHb1vAuurWsGQ6SZriVBjNxtbJ20kLKl8kks9PKrJ4lVyIiuROXIiInhj1+hZ4zi0xqaXUP2klwyfB3NntNFX19VPU0/mNYo6J1O+RFTwrXzOREX0XuIv1NGKqpgoqaasqpEjhgjdLI9fRrWpyqr/AHIZ57CaObVfcnn2tl3hdI+lZUVUSu/oaiumd08fbiJkzET7KaIlOfab4ZVXnSXH8ypYXSJjl3WOoVE/5cFSzp61/LuRwt/i9CwG3bOLfqHolhuT0FUyZ0topqeqRrue3VRMSOZi/ZUe13r9OF+pBHtLc4t9m0ZtuEJVM/Eciu0UiQdXxe7QI5738fZJFhT+9fsTdtiwyr0/0BwfFrhC6Grp7UyoqYnJw6Kadzp3sX82ulVF/NCoe4jPL/vF1ytW3TS2rRcXslY6W43FidcUksfLZqpVTwscTXOYzyiPe5eFXqZx59rupWRbWdZLptf1aqu3Za6u/wCE10nwwxVEnHalYq+kM6dPP9V/HPHxqX9rq2jtlFUXK41UVNS0kT555pXI1kUbUVXOcq+ERERVVfyM8dSNU9VN9Go02j+jazWzAaCRH11bJ1RsniR3HvFSqeehVT9nB6qqIqpynwXK0K0AwLQDFUx/EKPu1lQjXXG6TtT3mukT6uX91icr0sTw3n6qquWSys2gG8iTWHVq96TZPg8GKXO2RVHYjdcVqHzzwS9E0PmNnxInU7hE9GO+xZkzmxGop9Z/aSVeVYk9Km02mtdUzVUK9UaxUdE2m7iOT1a+ZrGovoqPT6H0N2KfyQ728D1duDVis9zdb6mpqOPCJC/sVKfmrYe27/EhoNDNDUQsqKeVksUrUex7HI5rmqnKKip4VFT6meu8+WLWXdtgGj1helY63pTUdcka9XZknm7k/PH9SBrHr9k5+xoaAAAAAAAAAAAAVX3G7KpNR8xZq3pDlTcSzZj2TTPc58cFTMxERsySRor4ZeERFc1HI7hOUReXLwN10T9ohn1tfheX6wWWkskzexUzR1EcTpYuOHIrqenbK9FTwrXKiO9F9VLBbbdseG7csfnpbVUPut+uSN/ErvNEjHSo30jjZyvbjRfPTyqqvlVXhESRdQbLdckwLJcdsNRBBc7raKyiopahzmxRzywvZG56tRVRqOciqqIq8c8IvoQlsx22Zbtzx/JaHM7nZa2uvlZBKx9rmlkY2KJjkRHLJHGvPU93hEVOPqWMPkZbilhznGbliGUW9lbartTvpaqB/jqY5PoqeUci8Kip5RURU8oUsotpG6zQa83D9WzVqifYLhKsnule5jZEX0RXwyxSQueicJ3G8KvHoicIfc0z2Uah5RqTT6t7ps5p8muFG9ktPbIJHTRvcxeWNlcrWMZG13K9qNvSqr5XjlFsLuAxrVjM9OK/EtH7tZbVdbv/ADWpr7lUzQ+70rkXudlYopF7jk+HleOlFVUXnjjjtpG2Om26YfVR3iehuGWXmTquVdS9TomxNVe3BE57Wu6ET4lVWoqucvPhrePT3fbV2bisft9bjdVb7bl9mejKSsrFeyGamcvL4ZXMa5yIi/G1UavC9SeEeqp62SaQ7jsw2tT6N37KsVdl8vZt8l3ZXVSw1VuY9rl7j1p0ekrmt7bvhVHJyqry5USvGK7Dd3+Cwz02E612LH4apyPnjteR3SkbK5E4RXJHTojlRFXhVPufqkb9v7Tif50vP+yWA2raTa8aWw5MzW/Uz9L3XJ1GtsX8ZrK/3ZI0m7v/AFLG9HV1x/Lzz0+fRDi9xmyWbUPNE1c0dytmJZn3G1E/W6SOConb8s7ZIkV8MvhOVRrkdwi8IvUruGuuivtEs8tjsKy3V6y0tknZ2ameOojidLEvhzXPp6dJnoqeFRyojvRfVSwm2zbNiO3LGp6C1VLrrfLn0Oud2ljRjpunnpjjZyvbjbyqo3lVVVVVVfCJ9XcFoFie4XCFxPI5X0VXTSLUWy5QsR0lHPxxzwqp1scnhzFVOU48oqIqVhs+gntA9ObQmAYLq9Zpsdib2aWV1QxzoIvREa6aB0sSIno1jlRv7pK+1zZ9BoldqzUPO8hZk2dXJsjX1aK98VKki8yqx8nxySPXnqkciLwqoiJy5XWVAAAAAAAAAAAAAAAAAAAAAAAAAAAAAAAAAAAAAAAAAAAAAAAAAAAAAAAAAAAAAAAAAAAAAAAAAAAAAAAAAAAAAAAAAAAAAAAAAAAAAAAAAAAAAAAAAAAAAAAAAAAAAAAAAAAAAAAAAAAAAAAAAAAAAAAAAAAAAAAAAAAAAAAAAAAAAAAAAAAAAAAAAAAAAAAAAAAAAAAAAAAAAAAAAAAAAAAAAAAAAAAAAAAAAAAAAAAAAAAAAAAAAAAAAAAAAAAAAAAAAAAAAAAAAAAAAAAAAAAAAAAAAAAAAAAAAAAAAAAAAAAAAAAAAAAAAAAAAAAAAAAAAAAAAAAAAAAP/9k=\" data-filename=\"1.jpg\" style=\"width: 370px;\"></p>', '1676106998_5.jpg', 0, '1', 1, 1, '2023-02-13 09:16:38', '2023-02-11 09:18:52'),
(3, 1, 1, 'Where does it come from?02', 'where-does-it-come-from02', 'The standard chunk of Lorem Ipsum used since the 1500s is reproduced below for those interested.', '<h2 style=\"margin-bottom: 10px; line-height: 24px; font-size: 24px; font-family: DauphinPlain;\">What is Lorem Ipsum?</h2><p style=\"margin-bottom: 15px; color: rgb(0, 0, 0); letter-spacing: normal; text-align: justify; font-family: &quot;Open Sans&quot;, Arial, sans-serif; font-size: 14px;\"><span style=\"font-weight: bolder;\">Lorem Ipsum</span>&nbsp;is simply dummy text of the printing and typesetting industry. Lorem Ipsum has been the industry\'s standard dummy text ever since the 1500s, when an unknown printer took a galley of type and scrambled it to make a type specimen book. It has survived not only five centuries, but also the leap into electronic typesetting, remaining essentially unchanged. It was popularised in the 1960s with the release of Letraset sheets containing Lorem Ipsum passages, and more recently with desktop publishing software like Aldus PageMaker including versions of Lorem Ipsum.</p><p style=\"margin-bottom: 15px; color: rgb(0, 0, 0); letter-spacing: normal; text-align: justify; font-family: &quot;Open Sans&quot;, Arial, sans-serif; font-size: 14px;\"><span style=\"font-weight: bolder;\">Lorem Ipsum</span>&nbsp;is simply dummy text of the printing and typesetting industry. Lorem Ipsum has been the industry\'s standard dummy text ever since the 1500s, when an unknown printer took a galley of type and scrambled it to make a type specimen book. It has survived not only five centuries, but also the leap into electronic typesetting, remaining essentially unchanged. It was popularised in the 1960s with the release of Letraset sheets containing Lorem Ipsum passages, and more recently with desktop publishing software like Aldus PageMaker including versions of Lorem Ipsum.</p><p style=\"margin-bottom: 15px; color: rgb(0, 0, 0); letter-spacing: normal; text-align: justify; font-family: &quot;Open Sans&quot;, Arial, sans-serif; font-size: 14px;\"><img src=\"data:image/jpeg;base64,/9j/4AAQSkZJRgABAQEAAQABAAD/2wBDAAMCAgICAgMCAgIDAwMDBAYEBAQEBAgGBgUGCQgKCgkICQkKDA8MCgsOCwkJDRENDg8QEBEQCgwSExIQEw8QEBD/wAALCAD6AXIBAREA/8QAHQABAAMBAAMBAQAAAAAAAAAAAAcICQYDBAUBAv/EAEAQAAEDAwMDAQYCBQoHAQAAAAABAgMEBQYHCBESEyExCRQiMkFRFWEWGCNCcRckQ1JYgYKWwdMlMzRTcnN1k//aAAgBAQAAPwC0AAAAAAAAAAAAAAAAAAAAAAAAAAAAAAAAAAAAAAAAAAAAAAAAAAAAAAAAAAAAAAAAAAAAAAAAAAAAAAAAAAAAAAAAAAAAAAAAAAAAAAAAAAAAAAAAAAAAAAAAAAAAAAAAAAAAAAAAAAAAAAAAAAAAAAAAAAAAAAAAAAAAAAAAAAAAAAAAAAAAAAAAAAAAAAAAAAAAAAAAAAAAAAAAAAAAAAAAAAAAAAAAAAAAAAAAAAAAAAAAAAAAAAAAAAAAAAAAAAAAAAAAAAAAAAAAAAAAAAAAAAAAAAAAAAAAAAAAAAAAAAAAAAAAAAABWzcjvOseit/h07xDG5ctzWo7aLQxPVIqVZOO21/SiufI7lFSNqc8KiqqcpzF1w3f7wcCo25bqZtspIcaYqOnfBS1VNJExf8AuSOklSP7cvYnnwWj0R1vwrXrC48xw2aViMk93raKoREno50RFVj0RVRUVFRUcnhUX7oqJBm4HcJuxwDVC44xpVoemSY5Tw076a4/o1cqzuOfE10id2CVsa8PVycInjjhfJHP62+/b+zGn+S7z/vHN3T2ge6+yZDDiV60kxm33ypdGyG21dhuMNVI6ReI0SJ9Sjl6lVOPHn6GhNwyGgxzGJsnyysgttJQUa1dwmkXiOBrWdT1X18J58eV/iU2qN82tmp9/r6HbVoX+OWu3P6X11xgmnV6fRzkifGyFXfRqvcqonP3ROk0e3z3O46gRaTbgcAdg+Q1MrKenqEbJFAsz/kZLFNy+NHeEa/qc1Vcnonkt0AfjnNY1XvcjWtTlVVeERCm2eb+L3ec2n0+216ZS5xXUznNdXvZLLDL0rw50cMXDliRf6Rz2p+XHCr8Su3t7k9Kqukq9etvUNDZaqRI/eaGKel4Vfo2SR8sbn8eehVaq8L5T1S3+m+o2J6r4db86wq4+92u4sVWKqdMkT0Xh8cjf3XtXlFT+9OUVFWvm8HdZqDoVmGKYXprj1lvFxvtNJPNBX0s9RI5XSpHAyJsMrF5c5JE4+JVXp44+sX/AK2u/f8Asxt/ybef94mDbDrfuY1Nze42TWjSBMTs1Pan1VNWJYK+h7lSk0TWx9dRI5q8sfIvSic/Dz6IpLetmtWG6EYTPmuYzyOZ1pBR0cHCz1lQqKqRsRfHoiqrl8IiKv2Raq0O8XeBmlvfmWnu22lqMXVXPhe+irKqSWNF89EjZI+76ccsjVOUUmfbHu8xncG6qxu4Wh2OZfbo1lqLZJL1snjRel0kLlRFXpXjqY5EVvKeXJyqWBAAAAAAAAAAAAK6aY7QKXBNfb5rtf8ANf0mrLqtXPSwT27suoqieRFV7X9xyO6Y+uNvhvCOJxzO8YtYcUu11zeqo6ewwUki3B9Zx2VgVqo5rkX5upF46frzwiLyUZ9l/Q3db9qHeKKCeLHZI6SBvXz0uqEfI5jUX0VzY3O5+3W37oaAEfa86v2jQ3TC76gXRrJpaViQW+lc7j3qsfykUX3455c7jyjWuX6FXNiGkF4zvILrur1Uc+43e7VUyWV1S3nl6qrZqpE9ERPMUaJ4ajX8J8qp03tL85rMf0ds+HUM7olyi6olTwvHcpqdvccz/wDR0K/4SbdsWn9u010Kw/HqGkZDNNbILhXuRvDpKudiSSucv1VFd0oq/utanoiEE+0v0/tt00stGpMFKxl3x+5xUjqlqcPdSTI5FYqp5XiVI1bz6dT+PmUlPBdwDKHavjeuGSWS931kNqiW7JaYopqhHxOWGeoVskjEVqPjc53CqqIqrxwiqnUaE7hNP9wtgrb9gzq+BbbUJTVdFcY446mFVTlj1ax729Dk56VR3lWuT1RT+ddtxGnm3myUN5zl9fUSXOdYKSht0cclVN0py96Ne9jehvLeVVyeXNTyqnr3i6X/AF/293Sq0/oK7F63MLTLBbf0ga2CRkMqdPdckDpVYjo1crVTlfLV4Q5jZ3tzuG3nBbnbMoS01OR3W4umqa23vfIx9O1rWwxo57GO4Re47jj1epIWu9vxi56MZrS5jHC+0fgdZLULKicM6InOa9vPo9rmtVqp56kTjyVc9lvU3d+D5zSTrItsiutK+mRflSd0Lkm4/PpbDz/cc1qfV0Wfe0hsNBcauGK24Y2kkmqJpEZDCykpnVznOcvhqJI/hVX6lrP1rtuH4p+EfyyYz3+ro6ve/wBjz/7uO3x+fVwSjR1tHcaSGvt9XDVU1QxJIZoZEfHIxU5RzXJ4VFT6oZ+bxZptYN4WA6J1E0i2ehdQ01TE1ypw6pkSSoen59hI0T/x/M0DoqKjttHBbrfSxU1LSxNhghiYjWRxtThrWonhERERERPsZ77soafQTeLg+r2NxNoYrysFdcmxfAkz2yrDV+nj9pA5vV93Ocq8qpocAAAAAAAAAAAAChusGw/XnOqa4Xyp12flFas81XTWa5SVKQR9TlckUMkkj2t4RelvwNb6eWodTsX3A0FXNPtyyPBbfiN/sDZ/d4qKJ0TKp8TuJ2SsernJUN4VznK5epEd8vT5uSZ5b1r/AHjXfcliW27GKpyU1tnhhqVb5a2rqER8srkT1SKn6V+6ftEL9Yxjdow/HLZitgpG01ttFJFR0sSfuxxtRrefuvCeV+q8qUZ9qosnb0xROe3zeVX7c/zLj/UvLiyRtxm0Ni46EoKdG8fbtt4IJ9oAka7XMm6+OUqrd0/x98i/05PJsQgZV7TsSpa2Fk1PKt0jWORqOa+Na+oRWqi+FReVRUKz53j1+2EbjKLULFqWpqNOsnkfHJTRryiQOciy0i8rx3I14kiVVTlERFVeHnuaNYTkm+HXWv1v1MopI8FsFQ2Git8i8xS9C9UVE36OanKSTO/eV3HCdfw6IsY1jUYxqNa1OERE4RE+x4quspLfSTV9fVRU1NTxulmmmejGRsanLnOcvhEREVVVfQz53Ga+5Zuvy+Dbrt7pJq2ySzotxuCcsZXdtyKr3O/o6WNeHdS+XuRvCfKjrkaCaM2PQfTW3YDZpfeJYlWpuFYrelaureidyVU+ieGtan0a1qcqqcrVm9+z+zjUbX3Is51Iy62QYpe7lVXBW2mokdWvidLzDTqkkSNYqM6UV3xonT4ReeUk/IvZ37b7tYJLZZbJdLHcFjVIrlBc55pGv48OdHK50bk59URreU9FT1IO2cZznGhe4S67Wc1uLqq2VFTU09K1XKsdPVsYszJYufljmjRV6fqr2L4Xq5ZLy72pNOlR8qVtF0c//GjVOP8AEaGGe/tT0j/GtOVT5/dbnz/Drp+P9TQOl7i00Ky/P229XP348nlAAAAAAAAAAABWHb1vAuurWsGQ6SZriVBjNxtbJ20kLKl8kks9PKrJ4lVyIiuROXIiInhj1+hZ4zi0xqaXUP2klwyfB3NntNFX19VPU0/mNYo6J1O+RFTwrXzOREX0XuIv1NGKqpgoqaasqpEjhgjdLI9fRrWpyqr/AHIZ57CaObVfcnn2tl3hdI+lZUVUSu/oaiumd08fbiJkzET7KaIlOfab4ZVXnSXH8ypYXSJjl3WOoVE/5cFSzp61/LuRwt/i9CwG3bOLfqHolhuT0FUyZ0topqeqRrue3VRMSOZi/ZUe13r9OF+pBHtLc4t9m0ZtuEJVM/Eciu0UiQdXxe7QI5738fZJFhT+9fsTdtiwyr0/0BwfFrhC6Grp7UyoqYnJw6Kadzp3sX82ulVF/NCoe4jPL/vF1ytW3TS2rRcXslY6W43FidcUksfLZqpVTwscTXOYzyiPe5eFXqZx59rupWRbWdZLptf1aqu3Za6u/wCE10nwwxVEnHalYq+kM6dPP9V/HPHxqX9rq2jtlFUXK41UVNS0kT555pXI1kUbUVXOcq+ERERVVfyM8dSNU9VN9Go02j+jazWzAaCRH11bJ1RsniR3HvFSqeehVT9nB6qqIqpynwXK0K0AwLQDFUx/EKPu1lQjXXG6TtT3mukT6uX91icr0sTw3n6qquWSys2gG8iTWHVq96TZPg8GKXO2RVHYjdcVqHzzwS9E0PmNnxInU7hE9GO+xZkzmxGop9Z/aSVeVYk9Km02mtdUzVUK9UaxUdE2m7iOT1a+ZrGovoqPT6H0N2KfyQ728D1duDVis9zdb6mpqOPCJC/sVKfmrYe27/EhoNDNDUQsqKeVksUrUex7HI5rmqnKKip4VFT6meu8+WLWXdtgGj1helY63pTUdcka9XZknm7k/PH9SBrHr9k5+xoaAAAAAAAAAAAAVX3G7KpNR8xZq3pDlTcSzZj2TTPc58cFTMxERsySRor4ZeERFc1HI7hOUReXLwN10T9ohn1tfheX6wWWkskzexUzR1EcTpYuOHIrqenbK9FTwrXKiO9F9VLBbbdseG7csfnpbVUPut+uSN/ErvNEjHSo30jjZyvbjRfPTyqqvlVXhESRdQbLdckwLJcdsNRBBc7raKyiopahzmxRzywvZG56tRVRqOciqqIq8c8IvoQlsx22Zbtzx/JaHM7nZa2uvlZBKx9rmlkY2KJjkRHLJHGvPU93hEVOPqWMPkZbilhznGbliGUW9lbartTvpaqB/jqY5PoqeUci8Kip5RURU8oUsotpG6zQa83D9WzVqifYLhKsnule5jZEX0RXwyxSQueicJ3G8KvHoicIfc0z2Uah5RqTT6t7ps5p8muFG9ktPbIJHTRvcxeWNlcrWMZG13K9qNvSqr5XjlFsLuAxrVjM9OK/EtH7tZbVdbv/ADWpr7lUzQ+70rkXudlYopF7jk+HleOlFVUXnjjjtpG2Om26YfVR3iehuGWXmTquVdS9TomxNVe3BE57Wu6ET4lVWoqucvPhrePT3fbV2bisft9bjdVb7bl9mejKSsrFeyGamcvL4ZXMa5yIi/G1UavC9SeEeqp62SaQ7jsw2tT6N37KsVdl8vZt8l3ZXVSw1VuY9rl7j1p0ekrmt7bvhVHJyqry5USvGK7Dd3+Cwz02E612LH4apyPnjteR3SkbK5E4RXJHTojlRFXhVPufqkb9v7Tif50vP+yWA2raTa8aWw5MzW/Uz9L3XJ1GtsX8ZrK/3ZI0m7v/AFLG9HV1x/Lzz0+fRDi9xmyWbUPNE1c0dytmJZn3G1E/W6SOConb8s7ZIkV8MvhOVRrkdwi8IvUruGuuivtEs8tjsKy3V6y0tknZ2ameOojidLEvhzXPp6dJnoqeFRyojvRfVSwm2zbNiO3LGp6C1VLrrfLn0Oud2ljRjpunnpjjZyvbjbyqo3lVVVVVVfCJ9XcFoFie4XCFxPI5X0VXTSLUWy5QsR0lHPxxzwqp1scnhzFVOU48oqIqVhs+gntA9ObQmAYLq9Zpsdib2aWV1QxzoIvREa6aB0sSIno1jlRv7pK+1zZ9BoldqzUPO8hZk2dXJsjX1aK98VKki8yqx8nxySPXnqkciLwqoiJy5XWVAAAAAAAAAAAAAAAAAAAAAAAAAAAAAAAAAAAAAAAAAAAAAAAAAAAAAAAAAAAAAAAAAAAAAAAAAAAAAAAAAAAAAAAAAAAAAAAAAAAAAAAAAAAAAAAAAAAAAAAAAAAAAAAAAAAAAAAAAAAAAAAAAAAAAAAAAAAAAAAAAAAAAAAAAAAAAAAAAAAAAAAAAAAAAAAAAAAAAAAAAAAAAAAAAAAAAAAAAAAAAAAAAAAAAAAAAAAAAAAAAAAAAAAAAAAAAAAAAAAAAAAAAAAAAAAAAAAAAAAAAAAAAAAAAAAAAAAAAAAAAAAAAAAAAAAAAAAAAAAAAAAAAAAAAAAAAAAP/9k=\" data-filename=\"1.jpg\" style=\"width: 370px;\"></p>', '1676106998_5.jpg', 0, '1', 1, 1, '2023-02-14 09:16:38', '2023-02-11 09:18:52'),
(4, 1, 1, 'Where does it come from?03', 'where-does-it-come-from03', 'The standard chunk of Lorem Ipsum used since the 1500s is reproduced below for those interested.', '<h2 style=\"margin-bottom: 10px; line-height: 24px; font-size: 24px; font-family: DauphinPlain;\">What is Lorem Ipsum?</h2><p style=\"margin-bottom: 15px; color: rgb(0, 0, 0); letter-spacing: normal; text-align: justify; font-family: &quot;Open Sans&quot;, Arial, sans-serif; font-size: 14px;\"><span style=\"font-weight: bolder;\">Lorem Ipsum</span>&nbsp;is simply dummy text of the printing and typesetting industry. Lorem Ipsum has been the industry\'s standard dummy text ever since the 1500s, when an unknown printer took a galley of type and scrambled it to make a type specimen book. It has survived not only five centuries, but also the leap into electronic typesetting, remaining essentially unchanged. It was popularised in the 1960s with the release of Letraset sheets containing Lorem Ipsum passages, and more recently with desktop publishing software like Aldus PageMaker including versions of Lorem Ipsum.</p><p style=\"margin-bottom: 15px; color: rgb(0, 0, 0); letter-spacing: normal; text-align: justify; font-family: &quot;Open Sans&quot;, Arial, sans-serif; font-size: 14px;\"><span style=\"font-weight: bolder;\">Lorem Ipsum</span>&nbsp;is simply dummy text of the printing and typesetting industry. Lorem Ipsum has been the industry\'s standard dummy text ever since the 1500s, when an unknown printer took a galley of type and scrambled it to make a type specimen book. It has survived not only five centuries, but also the leap into electronic typesetting, remaining essentially unchanged. It was popularised in the 1960s with the release of Letraset sheets containing Lorem Ipsum passages, and more recently with desktop publishing software like Aldus PageMaker including versions of Lorem Ipsum.</p><p style=\"margin-bottom: 15px; color: rgb(0, 0, 0); letter-spacing: normal; text-align: justify; font-family: &quot;Open Sans&quot;, Arial, sans-serif; font-size: 14px;\"><img src=\"data:image/jpeg;base64,/9j/4AAQSkZJRgABAQEAAQABAAD/2wBDAAMCAgICAgMCAgIDAwMDBAYEBAQEBAgGBgUGCQgKCgkICQkKDA8MCgsOCwkJDRENDg8QEBEQCgwSExIQEw8QEBD/wAALCAD6AXIBAREA/8QAHQABAAMBAAMBAQAAAAAAAAAAAAcICQYDBAUBAv/EAEAQAAEDAwMDAQYCBQoHAQAAAAABAgMEBQYHCBESEyExCRQiMkFRFWEWGCNCcRckQ1JYgYKWwdMlMzRTcnN1k//aAAgBAQAAPwC0AAAAAAAAAAAAAAAAAAAAAAAAAAAAAAAAAAAAAAAAAAAAAAAAAAAAAAAAAAAAAAAAAAAAAAAAAAAAAAAAAAAAAAAAAAAAAAAAAAAAAAAAAAAAAAAAAAAAAAAAAAAAAAAAAAAAAAAAAAAAAAAAAAAAAAAAAAAAAAAAAAAAAAAAAAAAAAAAAAAAAAAAAAAAAAAAAAAAAAAAAAAAAAAAAAAAAAAAAAAAAAAAAAAAAAAAAAAAAAAAAAAAAAAAAAAAAAAAAAAAAAAAAAAAAAAAAAAAAAAAAAAAAAAAAAAAAAAAAAAAAAAAAAAAAAABWzcjvOseit/h07xDG5ctzWo7aLQxPVIqVZOO21/SiufI7lFSNqc8KiqqcpzF1w3f7wcCo25bqZtspIcaYqOnfBS1VNJExf8AuSOklSP7cvYnnwWj0R1vwrXrC48xw2aViMk93raKoREno50RFVj0RVRUVFRUcnhUX7oqJBm4HcJuxwDVC44xpVoemSY5Tw076a4/o1cqzuOfE10id2CVsa8PVycInjjhfJHP62+/b+zGn+S7z/vHN3T2ge6+yZDDiV60kxm33ypdGyG21dhuMNVI6ReI0SJ9Sjl6lVOPHn6GhNwyGgxzGJsnyysgttJQUa1dwmkXiOBrWdT1X18J58eV/iU2qN82tmp9/r6HbVoX+OWu3P6X11xgmnV6fRzkifGyFXfRqvcqonP3ROk0e3z3O46gRaTbgcAdg+Q1MrKenqEbJFAsz/kZLFNy+NHeEa/qc1Vcnonkt0AfjnNY1XvcjWtTlVVeERCm2eb+L3ec2n0+216ZS5xXUznNdXvZLLDL0rw50cMXDliRf6Rz2p+XHCr8Su3t7k9Kqukq9etvUNDZaqRI/eaGKel4Vfo2SR8sbn8eehVaq8L5T1S3+m+o2J6r4db86wq4+92u4sVWKqdMkT0Xh8cjf3XtXlFT+9OUVFWvm8HdZqDoVmGKYXprj1lvFxvtNJPNBX0s9RI5XSpHAyJsMrF5c5JE4+JVXp44+sX/AK2u/f8Asxt/ybef94mDbDrfuY1Nze42TWjSBMTs1Pan1VNWJYK+h7lSk0TWx9dRI5q8sfIvSic/Dz6IpLetmtWG6EYTPmuYzyOZ1pBR0cHCz1lQqKqRsRfHoiqrl8IiKv2Raq0O8XeBmlvfmWnu22lqMXVXPhe+irKqSWNF89EjZI+76ccsjVOUUmfbHu8xncG6qxu4Wh2OZfbo1lqLZJL1snjRel0kLlRFXpXjqY5EVvKeXJyqWBAAAAAAAAAAAAK6aY7QKXBNfb5rtf8ANf0mrLqtXPSwT27suoqieRFV7X9xyO6Y+uNvhvCOJxzO8YtYcUu11zeqo6ewwUki3B9Zx2VgVqo5rkX5upF46frzwiLyUZ9l/Q3db9qHeKKCeLHZI6SBvXz0uqEfI5jUX0VzY3O5+3W37oaAEfa86v2jQ3TC76gXRrJpaViQW+lc7j3qsfykUX3455c7jyjWuX6FXNiGkF4zvILrur1Uc+43e7VUyWV1S3nl6qrZqpE9ERPMUaJ4ajX8J8qp03tL85rMf0ds+HUM7olyi6olTwvHcpqdvccz/wDR0K/4SbdsWn9u010Kw/HqGkZDNNbILhXuRvDpKudiSSucv1VFd0oq/utanoiEE+0v0/tt00stGpMFKxl3x+5xUjqlqcPdSTI5FYqp5XiVI1bz6dT+PmUlPBdwDKHavjeuGSWS931kNqiW7JaYopqhHxOWGeoVskjEVqPjc53CqqIqrxwiqnUaE7hNP9wtgrb9gzq+BbbUJTVdFcY446mFVTlj1ax729Dk56VR3lWuT1RT+ddtxGnm3myUN5zl9fUSXOdYKSht0cclVN0py96Ne9jehvLeVVyeXNTyqnr3i6X/AF/293Sq0/oK7F63MLTLBbf0ga2CRkMqdPdckDpVYjo1crVTlfLV4Q5jZ3tzuG3nBbnbMoS01OR3W4umqa23vfIx9O1rWwxo57GO4Re47jj1epIWu9vxi56MZrS5jHC+0fgdZLULKicM6InOa9vPo9rmtVqp56kTjyVc9lvU3d+D5zSTrItsiutK+mRflSd0Lkm4/PpbDz/cc1qfV0Wfe0hsNBcauGK24Y2kkmqJpEZDCykpnVznOcvhqJI/hVX6lrP1rtuH4p+EfyyYz3+ro6ve/wBjz/7uO3x+fVwSjR1tHcaSGvt9XDVU1QxJIZoZEfHIxU5RzXJ4VFT6oZ+bxZptYN4WA6J1E0i2ehdQ01TE1ypw6pkSSoen59hI0T/x/M0DoqKjttHBbrfSxU1LSxNhghiYjWRxtThrWonhERERERPsZ77soafQTeLg+r2NxNoYrysFdcmxfAkz2yrDV+nj9pA5vV93Ocq8qpocAAAAAAAAAAAAChusGw/XnOqa4Xyp12flFas81XTWa5SVKQR9TlckUMkkj2t4RelvwNb6eWodTsX3A0FXNPtyyPBbfiN/sDZ/d4qKJ0TKp8TuJ2SsernJUN4VznK5epEd8vT5uSZ5b1r/AHjXfcliW27GKpyU1tnhhqVb5a2rqER8srkT1SKn6V+6ftEL9Yxjdow/HLZitgpG01ttFJFR0sSfuxxtRrefuvCeV+q8qUZ9qosnb0xROe3zeVX7c/zLj/UvLiyRtxm0Ni46EoKdG8fbtt4IJ9oAka7XMm6+OUqrd0/x98i/05PJsQgZV7TsSpa2Fk1PKt0jWORqOa+Na+oRWqi+FReVRUKz53j1+2EbjKLULFqWpqNOsnkfHJTRryiQOciy0i8rx3I14kiVVTlERFVeHnuaNYTkm+HXWv1v1MopI8FsFQ2Git8i8xS9C9UVE36OanKSTO/eV3HCdfw6IsY1jUYxqNa1OERE4RE+x4quspLfSTV9fVRU1NTxulmmmejGRsanLnOcvhEREVVVfQz53Ga+5Zuvy+Dbrt7pJq2ySzotxuCcsZXdtyKr3O/o6WNeHdS+XuRvCfKjrkaCaM2PQfTW3YDZpfeJYlWpuFYrelaureidyVU+ieGtan0a1qcqqcrVm9+z+zjUbX3Is51Iy62QYpe7lVXBW2mokdWvidLzDTqkkSNYqM6UV3xonT4ReeUk/IvZ37b7tYJLZZbJdLHcFjVIrlBc55pGv48OdHK50bk59URreU9FT1IO2cZznGhe4S67Wc1uLqq2VFTU09K1XKsdPVsYszJYufljmjRV6fqr2L4Xq5ZLy72pNOlR8qVtF0c//GjVOP8AEaGGe/tT0j/GtOVT5/dbnz/Drp+P9TQOl7i00Ky/P229XP348nlAAAAAAAAAAABWHb1vAuurWsGQ6SZriVBjNxtbJ20kLKl8kks9PKrJ4lVyIiuROXIiInhj1+hZ4zi0xqaXUP2klwyfB3NntNFX19VPU0/mNYo6J1O+RFTwrXzOREX0XuIv1NGKqpgoqaasqpEjhgjdLI9fRrWpyqr/AHIZ57CaObVfcnn2tl3hdI+lZUVUSu/oaiumd08fbiJkzET7KaIlOfab4ZVXnSXH8ypYXSJjl3WOoVE/5cFSzp61/LuRwt/i9CwG3bOLfqHolhuT0FUyZ0topqeqRrue3VRMSOZi/ZUe13r9OF+pBHtLc4t9m0ZtuEJVM/Eciu0UiQdXxe7QI5738fZJFhT+9fsTdtiwyr0/0BwfFrhC6Grp7UyoqYnJw6Kadzp3sX82ulVF/NCoe4jPL/vF1ytW3TS2rRcXslY6W43FidcUksfLZqpVTwscTXOYzyiPe5eFXqZx59rupWRbWdZLptf1aqu3Za6u/wCE10nwwxVEnHalYq+kM6dPP9V/HPHxqX9rq2jtlFUXK41UVNS0kT555pXI1kUbUVXOcq+ERERVVfyM8dSNU9VN9Go02j+jazWzAaCRH11bJ1RsniR3HvFSqeehVT9nB6qqIqpynwXK0K0AwLQDFUx/EKPu1lQjXXG6TtT3mukT6uX91icr0sTw3n6qquWSys2gG8iTWHVq96TZPg8GKXO2RVHYjdcVqHzzwS9E0PmNnxInU7hE9GO+xZkzmxGop9Z/aSVeVYk9Km02mtdUzVUK9UaxUdE2m7iOT1a+ZrGovoqPT6H0N2KfyQ728D1duDVis9zdb6mpqOPCJC/sVKfmrYe27/EhoNDNDUQsqKeVksUrUex7HI5rmqnKKip4VFT6meu8+WLWXdtgGj1helY63pTUdcka9XZknm7k/PH9SBrHr9k5+xoaAAAAAAAAAAAAVX3G7KpNR8xZq3pDlTcSzZj2TTPc58cFTMxERsySRor4ZeERFc1HI7hOUReXLwN10T9ohn1tfheX6wWWkskzexUzR1EcTpYuOHIrqenbK9FTwrXKiO9F9VLBbbdseG7csfnpbVUPut+uSN/ErvNEjHSo30jjZyvbjRfPTyqqvlVXhESRdQbLdckwLJcdsNRBBc7raKyiopahzmxRzywvZG56tRVRqOciqqIq8c8IvoQlsx22Zbtzx/JaHM7nZa2uvlZBKx9rmlkY2KJjkRHLJHGvPU93hEVOPqWMPkZbilhznGbliGUW9lbartTvpaqB/jqY5PoqeUci8Kip5RURU8oUsotpG6zQa83D9WzVqifYLhKsnule5jZEX0RXwyxSQueicJ3G8KvHoicIfc0z2Uah5RqTT6t7ps5p8muFG9ktPbIJHTRvcxeWNlcrWMZG13K9qNvSqr5XjlFsLuAxrVjM9OK/EtH7tZbVdbv/ADWpr7lUzQ+70rkXudlYopF7jk+HleOlFVUXnjjjtpG2Om26YfVR3iehuGWXmTquVdS9TomxNVe3BE57Wu6ET4lVWoqucvPhrePT3fbV2bisft9bjdVb7bl9mejKSsrFeyGamcvL4ZXMa5yIi/G1UavC9SeEeqp62SaQ7jsw2tT6N37KsVdl8vZt8l3ZXVSw1VuY9rl7j1p0ekrmt7bvhVHJyqry5USvGK7Dd3+Cwz02E612LH4apyPnjteR3SkbK5E4RXJHTojlRFXhVPufqkb9v7Tif50vP+yWA2raTa8aWw5MzW/Uz9L3XJ1GtsX8ZrK/3ZI0m7v/AFLG9HV1x/Lzz0+fRDi9xmyWbUPNE1c0dytmJZn3G1E/W6SOConb8s7ZIkV8MvhOVRrkdwi8IvUruGuuivtEs8tjsKy3V6y0tknZ2ameOojidLEvhzXPp6dJnoqeFRyojvRfVSwm2zbNiO3LGp6C1VLrrfLn0Oud2ljRjpunnpjjZyvbjbyqo3lVVVVVVfCJ9XcFoFie4XCFxPI5X0VXTSLUWy5QsR0lHPxxzwqp1scnhzFVOU48oqIqVhs+gntA9ObQmAYLq9Zpsdib2aWV1QxzoIvREa6aB0sSIno1jlRv7pK+1zZ9BoldqzUPO8hZk2dXJsjX1aK98VKki8yqx8nxySPXnqkciLwqoiJy5XWVAAAAAAAAAAAAAAAAAAAAAAAAAAAAAAAAAAAAAAAAAAAAAAAAAAAAAAAAAAAAAAAAAAAAAAAAAAAAAAAAAAAAAAAAAAAAAAAAAAAAAAAAAAAAAAAAAAAAAAAAAAAAAAAAAAAAAAAAAAAAAAAAAAAAAAAAAAAAAAAAAAAAAAAAAAAAAAAAAAAAAAAAAAAAAAAAAAAAAAAAAAAAAAAAAAAAAAAAAAAAAAAAAAAAAAAAAAAAAAAAAAAAAAAAAAAAAAAAAAAAAAAAAAAAAAAAAAAAAAAAAAAAAAAAAAAAAAAAAAAAAAAAAAAAAAAAAAAAAAAAAAAAAAAAAAAAAAAP/9k=\" data-filename=\"1.jpg\" style=\"width: 370px;\"></p>', '1676106998_5.jpg', 0, '1', 1, 1, '2023-02-14 09:16:38', '2023-02-11 09:18:52'),
(5, 1, 1, 'Where does it come from?04', 'where-does-it-come-from04', 'The standard chunk of Lorem Ipsum used since the 1500s is reproduced below for those interested.', '<h2 style=\"margin-bottom: 10px; line-height: 24px; font-size: 24px; font-family: DauphinPlain;\">What is Lorem Ipsum?</h2><p style=\"margin-bottom: 15px; color: rgb(0, 0, 0); letter-spacing: normal; text-align: justify; font-family: &quot;Open Sans&quot;, Arial, sans-serif; font-size: 14px;\"><span style=\"font-weight: bolder;\">Lorem Ipsum</span>&nbsp;is simply dummy text of the printing and typesetting industry. Lorem Ipsum has been the industry\'s standard dummy text ever since the 1500s, when an unknown printer took a galley of type and scrambled it to make a type specimen book. It has survived not only five centuries, but also the leap into electronic typesetting, remaining essentially unchanged. It was popularised in the 1960s with the release of Letraset sheets containing Lorem Ipsum passages, and more recently with desktop publishing software like Aldus PageMaker including versions of Lorem Ipsum.</p><p style=\"margin-bottom: 15px; color: rgb(0, 0, 0); letter-spacing: normal; text-align: justify; font-family: &quot;Open Sans&quot;, Arial, sans-serif; font-size: 14px;\"><span style=\"font-weight: bolder;\">Lorem Ipsum</span>&nbsp;is simply dummy text of the printing and typesetting industry. Lorem Ipsum has been the industry\'s standard dummy text ever since the 1500s, when an unknown printer took a galley of type and scrambled it to make a type specimen book. It has survived not only five centuries, but also the leap into electronic typesetting, remaining essentially unchanged. It was popularised in the 1960s with the release of Letraset sheets containing Lorem Ipsum passages, and more recently with desktop publishing software like Aldus PageMaker including versions of Lorem Ipsum.</p><p style=\"margin-bottom: 15px; color: rgb(0, 0, 0); letter-spacing: normal; text-align: justify; font-family: &quot;Open Sans&quot;, Arial, sans-serif; font-size: 14px;\"><img src=\"data:image/jpeg;base64,/9j/4AAQSkZJRgABAQEAAQABAAD/2wBDAAMCAgICAgMCAgIDAwMDBAYEBAQEBAgGBgUGCQgKCgkICQkKDA8MCgsOCwkJDRENDg8QEBEQCgwSExIQEw8QEBD/wAALCAD6AXIBAREA/8QAHQABAAMBAAMBAQAAAAAAAAAAAAcICQYDBAUBAv/EAEAQAAEDAwMDAQYCBQoHAQAAAAABAgMEBQYHCBESEyExCRQiMkFRFWEWGCNCcRckQ1JYgYKWwdMlMzRTcnN1k//aAAgBAQAAPwC0AAAAAAAAAAAAAAAAAAAAAAAAAAAAAAAAAAAAAAAAAAAAAAAAAAAAAAAAAAAAAAAAAAAAAAAAAAAAAAAAAAAAAAAAAAAAAAAAAAAAAAAAAAAAAAAAAAAAAAAAAAAAAAAAAAAAAAAAAAAAAAAAAAAAAAAAAAAAAAAAAAAAAAAAAAAAAAAAAAAAAAAAAAAAAAAAAAAAAAAAAAAAAAAAAAAAAAAAAAAAAAAAAAAAAAAAAAAAAAAAAAAAAAAAAAAAAAAAAAAAAAAAAAAAAAAAAAAAAAAAAAAAAAAAAAAAAAAAAAAAAAAAAAAAAAABWzcjvOseit/h07xDG5ctzWo7aLQxPVIqVZOO21/SiufI7lFSNqc8KiqqcpzF1w3f7wcCo25bqZtspIcaYqOnfBS1VNJExf8AuSOklSP7cvYnnwWj0R1vwrXrC48xw2aViMk93raKoREno50RFVj0RVRUVFRUcnhUX7oqJBm4HcJuxwDVC44xpVoemSY5Tw076a4/o1cqzuOfE10id2CVsa8PVycInjjhfJHP62+/b+zGn+S7z/vHN3T2ge6+yZDDiV60kxm33ypdGyG21dhuMNVI6ReI0SJ9Sjl6lVOPHn6GhNwyGgxzGJsnyysgttJQUa1dwmkXiOBrWdT1X18J58eV/iU2qN82tmp9/r6HbVoX+OWu3P6X11xgmnV6fRzkifGyFXfRqvcqonP3ROk0e3z3O46gRaTbgcAdg+Q1MrKenqEbJFAsz/kZLFNy+NHeEa/qc1Vcnonkt0AfjnNY1XvcjWtTlVVeERCm2eb+L3ec2n0+216ZS5xXUznNdXvZLLDL0rw50cMXDliRf6Rz2p+XHCr8Su3t7k9Kqukq9etvUNDZaqRI/eaGKel4Vfo2SR8sbn8eehVaq8L5T1S3+m+o2J6r4db86wq4+92u4sVWKqdMkT0Xh8cjf3XtXlFT+9OUVFWvm8HdZqDoVmGKYXprj1lvFxvtNJPNBX0s9RI5XSpHAyJsMrF5c5JE4+JVXp44+sX/AK2u/f8Asxt/ybef94mDbDrfuY1Nze42TWjSBMTs1Pan1VNWJYK+h7lSk0TWx9dRI5q8sfIvSic/Dz6IpLetmtWG6EYTPmuYzyOZ1pBR0cHCz1lQqKqRsRfHoiqrl8IiKv2Raq0O8XeBmlvfmWnu22lqMXVXPhe+irKqSWNF89EjZI+76ccsjVOUUmfbHu8xncG6qxu4Wh2OZfbo1lqLZJL1snjRel0kLlRFXpXjqY5EVvKeXJyqWBAAAAAAAAAAAAK6aY7QKXBNfb5rtf8ANf0mrLqtXPSwT27suoqieRFV7X9xyO6Y+uNvhvCOJxzO8YtYcUu11zeqo6ewwUki3B9Zx2VgVqo5rkX5upF46frzwiLyUZ9l/Q3db9qHeKKCeLHZI6SBvXz0uqEfI5jUX0VzY3O5+3W37oaAEfa86v2jQ3TC76gXRrJpaViQW+lc7j3qsfykUX3455c7jyjWuX6FXNiGkF4zvILrur1Uc+43e7VUyWV1S3nl6qrZqpE9ERPMUaJ4ajX8J8qp03tL85rMf0ds+HUM7olyi6olTwvHcpqdvccz/wDR0K/4SbdsWn9u010Kw/HqGkZDNNbILhXuRvDpKudiSSucv1VFd0oq/utanoiEE+0v0/tt00stGpMFKxl3x+5xUjqlqcPdSTI5FYqp5XiVI1bz6dT+PmUlPBdwDKHavjeuGSWS931kNqiW7JaYopqhHxOWGeoVskjEVqPjc53CqqIqrxwiqnUaE7hNP9wtgrb9gzq+BbbUJTVdFcY446mFVTlj1ax729Dk56VR3lWuT1RT+ddtxGnm3myUN5zl9fUSXOdYKSht0cclVN0py96Ne9jehvLeVVyeXNTyqnr3i6X/AF/293Sq0/oK7F63MLTLBbf0ga2CRkMqdPdckDpVYjo1crVTlfLV4Q5jZ3tzuG3nBbnbMoS01OR3W4umqa23vfIx9O1rWwxo57GO4Re47jj1epIWu9vxi56MZrS5jHC+0fgdZLULKicM6InOa9vPo9rmtVqp56kTjyVc9lvU3d+D5zSTrItsiutK+mRflSd0Lkm4/PpbDz/cc1qfV0Wfe0hsNBcauGK24Y2kkmqJpEZDCykpnVznOcvhqJI/hVX6lrP1rtuH4p+EfyyYz3+ro6ve/wBjz/7uO3x+fVwSjR1tHcaSGvt9XDVU1QxJIZoZEfHIxU5RzXJ4VFT6oZ+bxZptYN4WA6J1E0i2ehdQ01TE1ypw6pkSSoen59hI0T/x/M0DoqKjttHBbrfSxU1LSxNhghiYjWRxtThrWonhERERERPsZ77soafQTeLg+r2NxNoYrysFdcmxfAkz2yrDV+nj9pA5vV93Ocq8qpocAAAAAAAAAAAAChusGw/XnOqa4Xyp12flFas81XTWa5SVKQR9TlckUMkkj2t4RelvwNb6eWodTsX3A0FXNPtyyPBbfiN/sDZ/d4qKJ0TKp8TuJ2SsernJUN4VznK5epEd8vT5uSZ5b1r/AHjXfcliW27GKpyU1tnhhqVb5a2rqER8srkT1SKn6V+6ftEL9Yxjdow/HLZitgpG01ttFJFR0sSfuxxtRrefuvCeV+q8qUZ9qosnb0xROe3zeVX7c/zLj/UvLiyRtxm0Ni46EoKdG8fbtt4IJ9oAka7XMm6+OUqrd0/x98i/05PJsQgZV7TsSpa2Fk1PKt0jWORqOa+Na+oRWqi+FReVRUKz53j1+2EbjKLULFqWpqNOsnkfHJTRryiQOciy0i8rx3I14kiVVTlERFVeHnuaNYTkm+HXWv1v1MopI8FsFQ2Git8i8xS9C9UVE36OanKSTO/eV3HCdfw6IsY1jUYxqNa1OERE4RE+x4quspLfSTV9fVRU1NTxulmmmejGRsanLnOcvhEREVVVfQz53Ga+5Zuvy+Dbrt7pJq2ySzotxuCcsZXdtyKr3O/o6WNeHdS+XuRvCfKjrkaCaM2PQfTW3YDZpfeJYlWpuFYrelaureidyVU+ieGtan0a1qcqqcrVm9+z+zjUbX3Is51Iy62QYpe7lVXBW2mokdWvidLzDTqkkSNYqM6UV3xonT4ReeUk/IvZ37b7tYJLZZbJdLHcFjVIrlBc55pGv48OdHK50bk59URreU9FT1IO2cZznGhe4S67Wc1uLqq2VFTU09K1XKsdPVsYszJYufljmjRV6fqr2L4Xq5ZLy72pNOlR8qVtF0c//GjVOP8AEaGGe/tT0j/GtOVT5/dbnz/Drp+P9TQOl7i00Ky/P229XP348nlAAAAAAAAAAABWHb1vAuurWsGQ6SZriVBjNxtbJ20kLKl8kks9PKrJ4lVyIiuROXIiInhj1+hZ4zi0xqaXUP2klwyfB3NntNFX19VPU0/mNYo6J1O+RFTwrXzOREX0XuIv1NGKqpgoqaasqpEjhgjdLI9fRrWpyqr/AHIZ57CaObVfcnn2tl3hdI+lZUVUSu/oaiumd08fbiJkzET7KaIlOfab4ZVXnSXH8ypYXSJjl3WOoVE/5cFSzp61/LuRwt/i9CwG3bOLfqHolhuT0FUyZ0topqeqRrue3VRMSOZi/ZUe13r9OF+pBHtLc4t9m0ZtuEJVM/Eciu0UiQdXxe7QI5738fZJFhT+9fsTdtiwyr0/0BwfFrhC6Grp7UyoqYnJw6Kadzp3sX82ulVF/NCoe4jPL/vF1ytW3TS2rRcXslY6W43FidcUksfLZqpVTwscTXOYzyiPe5eFXqZx59rupWRbWdZLptf1aqu3Za6u/wCE10nwwxVEnHalYq+kM6dPP9V/HPHxqX9rq2jtlFUXK41UVNS0kT555pXI1kUbUVXOcq+ERERVVfyM8dSNU9VN9Go02j+jazWzAaCRH11bJ1RsniR3HvFSqeehVT9nB6qqIqpynwXK0K0AwLQDFUx/EKPu1lQjXXG6TtT3mukT6uX91icr0sTw3n6qquWSys2gG8iTWHVq96TZPg8GKXO2RVHYjdcVqHzzwS9E0PmNnxInU7hE9GO+xZkzmxGop9Z/aSVeVYk9Km02mtdUzVUK9UaxUdE2m7iOT1a+ZrGovoqPT6H0N2KfyQ728D1duDVis9zdb6mpqOPCJC/sVKfmrYe27/EhoNDNDUQsqKeVksUrUex7HI5rmqnKKip4VFT6meu8+WLWXdtgGj1helY63pTUdcka9XZknm7k/PH9SBrHr9k5+xoaAAAAAAAAAAAAVX3G7KpNR8xZq3pDlTcSzZj2TTPc58cFTMxERsySRor4ZeERFc1HI7hOUReXLwN10T9ohn1tfheX6wWWkskzexUzR1EcTpYuOHIrqenbK9FTwrXKiO9F9VLBbbdseG7csfnpbVUPut+uSN/ErvNEjHSo30jjZyvbjRfPTyqqvlVXhESRdQbLdckwLJcdsNRBBc7raKyiopahzmxRzywvZG56tRVRqOciqqIq8c8IvoQlsx22Zbtzx/JaHM7nZa2uvlZBKx9rmlkY2KJjkRHLJHGvPU93hEVOPqWMPkZbilhznGbliGUW9lbartTvpaqB/jqY5PoqeUci8Kip5RURU8oUsotpG6zQa83D9WzVqifYLhKsnule5jZEX0RXwyxSQueicJ3G8KvHoicIfc0z2Uah5RqTT6t7ps5p8muFG9ktPbIJHTRvcxeWNlcrWMZG13K9qNvSqr5XjlFsLuAxrVjM9OK/EtH7tZbVdbv/ADWpr7lUzQ+70rkXudlYopF7jk+HleOlFVUXnjjjtpG2Om26YfVR3iehuGWXmTquVdS9TomxNVe3BE57Wu6ET4lVWoqucvPhrePT3fbV2bisft9bjdVb7bl9mejKSsrFeyGamcvL4ZXMa5yIi/G1UavC9SeEeqp62SaQ7jsw2tT6N37KsVdl8vZt8l3ZXVSw1VuY9rl7j1p0ekrmt7bvhVHJyqry5USvGK7Dd3+Cwz02E612LH4apyPnjteR3SkbK5E4RXJHTojlRFXhVPufqkb9v7Tif50vP+yWA2raTa8aWw5MzW/Uz9L3XJ1GtsX8ZrK/3ZI0m7v/AFLG9HV1x/Lzz0+fRDi9xmyWbUPNE1c0dytmJZn3G1E/W6SOConb8s7ZIkV8MvhOVRrkdwi8IvUruGuuivtEs8tjsKy3V6y0tknZ2ameOojidLEvhzXPp6dJnoqeFRyojvRfVSwm2zbNiO3LGp6C1VLrrfLn0Oud2ljRjpunnpjjZyvbjbyqo3lVVVVVVfCJ9XcFoFie4XCFxPI5X0VXTSLUWy5QsR0lHPxxzwqp1scnhzFVOU48oqIqVhs+gntA9ObQmAYLq9Zpsdib2aWV1QxzoIvREa6aB0sSIno1jlRv7pK+1zZ9BoldqzUPO8hZk2dXJsjX1aK98VKki8yqx8nxySPXnqkciLwqoiJy5XWVAAAAAAAAAAAAAAAAAAAAAAAAAAAAAAAAAAAAAAAAAAAAAAAAAAAAAAAAAAAAAAAAAAAAAAAAAAAAAAAAAAAAAAAAAAAAAAAAAAAAAAAAAAAAAAAAAAAAAAAAAAAAAAAAAAAAAAAAAAAAAAAAAAAAAAAAAAAAAAAAAAAAAAAAAAAAAAAAAAAAAAAAAAAAAAAAAAAAAAAAAAAAAAAAAAAAAAAAAAAAAAAAAAAAAAAAAAAAAAAAAAAAAAAAAAAAAAAAAAAAAAAAAAAAAAAAAAAAAAAAAAAAAAAAAAAAAAAAAAAAAAAAAAAAAAAAAAAAAAAAAAAAAAAAAAAAAAAP/9k=\" data-filename=\"1.jpg\" style=\"width: 370px;\"></p>', '1676106998_5.jpg', 0, '1', 1, 1, '2023-02-15 09:16:38', '2023-02-11 09:18:52'),
(6, 1, 1, 'Where does it come from?05', 'where-does-it-come-from05', 'The standard chunk of Lorem Ipsum used since the 1500s is reproduced below for those interested.', '<h2 style=\"margin-bottom: 10px; line-height: 24px; font-size: 24px; font-family: DauphinPlain;\">What is Lorem Ipsum?</h2><p style=\"margin-bottom: 15px; color: rgb(0, 0, 0); letter-spacing: normal; text-align: justify; font-family: &quot;Open Sans&quot;, Arial, sans-serif; font-size: 14px;\"><span style=\"font-weight: bolder;\">Lorem Ipsum</span>&nbsp;is simply dummy text of the printing and typesetting industry. Lorem Ipsum has been the industry\'s standard dummy text ever since the 1500s, when an unknown printer took a galley of type and scrambled it to make a type specimen book. It has survived not only five centuries, but also the leap into electronic typesetting, remaining essentially unchanged. It was popularised in the 1960s with the release of Letraset sheets containing Lorem Ipsum passages, and more recently with desktop publishing software like Aldus PageMaker including versions of Lorem Ipsum.</p><p style=\"margin-bottom: 15px; color: rgb(0, 0, 0); letter-spacing: normal; text-align: justify; font-family: &quot;Open Sans&quot;, Arial, sans-serif; font-size: 14px;\"><span style=\"font-weight: bolder;\">Lorem Ipsum</span>&nbsp;is simply dummy text of the printing and typesetting industry. Lorem Ipsum has been the industry\'s standard dummy text ever since the 1500s, when an unknown printer took a galley of type and scrambled it to make a type specimen book. It has survived not only five centuries, but also the leap into electronic typesetting, remaining essentially unchanged. It was popularised in the 1960s with the release of Letraset sheets containing Lorem Ipsum passages, and more recently with desktop publishing software like Aldus PageMaker including versions of Lorem Ipsum.</p><p style=\"margin-bottom: 15px; color: rgb(0, 0, 0); letter-spacing: normal; text-align: justify; font-family: &quot;Open Sans&quot;, Arial, sans-serif; font-size: 14px;\"><img src=\"data:image/jpeg;base64,/9j/4AAQSkZJRgABAQEAAQABAAD/2wBDAAMCAgICAgMCAgIDAwMDBAYEBAQEBAgGBgUGCQgKCgkICQkKDA8MCgsOCwkJDRENDg8QEBEQCgwSExIQEw8QEBD/wAALCAD6AXIBAREA/8QAHQABAAMBAAMBAQAAAAAAAAAAAAcICQYDBAUBAv/EAEAQAAEDAwMDAQYCBQoHAQAAAAABAgMEBQYHCBESEyExCRQiMkFRFWEWGCNCcRckQ1JYgYKWwdMlMzRTcnN1k//aAAgBAQAAPwC0AAAAAAAAAAAAAAAAAAAAAAAAAAAAAAAAAAAAAAAAAAAAAAAAAAAAAAAAAAAAAAAAAAAAAAAAAAAAAAAAAAAAAAAAAAAAAAAAAAAAAAAAAAAAAAAAAAAAAAAAAAAAAAAAAAAAAAAAAAAAAAAAAAAAAAAAAAAAAAAAAAAAAAAAAAAAAAAAAAAAAAAAAAAAAAAAAAAAAAAAAAAAAAAAAAAAAAAAAAAAAAAAAAAAAAAAAAAAAAAAAAAAAAAAAAAAAAAAAAAAAAAAAAAAAAAAAAAAAAAAAAAAAAAAAAAAAAAAAAAAAAAAAAAAAAABWzcjvOseit/h07xDG5ctzWo7aLQxPVIqVZOO21/SiufI7lFSNqc8KiqqcpzF1w3f7wcCo25bqZtspIcaYqOnfBS1VNJExf8AuSOklSP7cvYnnwWj0R1vwrXrC48xw2aViMk93raKoREno50RFVj0RVRUVFRUcnhUX7oqJBm4HcJuxwDVC44xpVoemSY5Tw076a4/o1cqzuOfE10id2CVsa8PVycInjjhfJHP62+/b+zGn+S7z/vHN3T2ge6+yZDDiV60kxm33ypdGyG21dhuMNVI6ReI0SJ9Sjl6lVOPHn6GhNwyGgxzGJsnyysgttJQUa1dwmkXiOBrWdT1X18J58eV/iU2qN82tmp9/r6HbVoX+OWu3P6X11xgmnV6fRzkifGyFXfRqvcqonP3ROk0e3z3O46gRaTbgcAdg+Q1MrKenqEbJFAsz/kZLFNy+NHeEa/qc1Vcnonkt0AfjnNY1XvcjWtTlVVeERCm2eb+L3ec2n0+216ZS5xXUznNdXvZLLDL0rw50cMXDliRf6Rz2p+XHCr8Su3t7k9Kqukq9etvUNDZaqRI/eaGKel4Vfo2SR8sbn8eehVaq8L5T1S3+m+o2J6r4db86wq4+92u4sVWKqdMkT0Xh8cjf3XtXlFT+9OUVFWvm8HdZqDoVmGKYXprj1lvFxvtNJPNBX0s9RI5XSpHAyJsMrF5c5JE4+JVXp44+sX/AK2u/f8Asxt/ybef94mDbDrfuY1Nze42TWjSBMTs1Pan1VNWJYK+h7lSk0TWx9dRI5q8sfIvSic/Dz6IpLetmtWG6EYTPmuYzyOZ1pBR0cHCz1lQqKqRsRfHoiqrl8IiKv2Raq0O8XeBmlvfmWnu22lqMXVXPhe+irKqSWNF89EjZI+76ccsjVOUUmfbHu8xncG6qxu4Wh2OZfbo1lqLZJL1snjRel0kLlRFXpXjqY5EVvKeXJyqWBAAAAAAAAAAAAK6aY7QKXBNfb5rtf8ANf0mrLqtXPSwT27suoqieRFV7X9xyO6Y+uNvhvCOJxzO8YtYcUu11zeqo6ewwUki3B9Zx2VgVqo5rkX5upF46frzwiLyUZ9l/Q3db9qHeKKCeLHZI6SBvXz0uqEfI5jUX0VzY3O5+3W37oaAEfa86v2jQ3TC76gXRrJpaViQW+lc7j3qsfykUX3455c7jyjWuX6FXNiGkF4zvILrur1Uc+43e7VUyWV1S3nl6qrZqpE9ERPMUaJ4ajX8J8qp03tL85rMf0ds+HUM7olyi6olTwvHcpqdvccz/wDR0K/4SbdsWn9u010Kw/HqGkZDNNbILhXuRvDpKudiSSucv1VFd0oq/utanoiEE+0v0/tt00stGpMFKxl3x+5xUjqlqcPdSTI5FYqp5XiVI1bz6dT+PmUlPBdwDKHavjeuGSWS931kNqiW7JaYopqhHxOWGeoVskjEVqPjc53CqqIqrxwiqnUaE7hNP9wtgrb9gzq+BbbUJTVdFcY446mFVTlj1ax729Dk56VR3lWuT1RT+ddtxGnm3myUN5zl9fUSXOdYKSht0cclVN0py96Ne9jehvLeVVyeXNTyqnr3i6X/AF/293Sq0/oK7F63MLTLBbf0ga2CRkMqdPdckDpVYjo1crVTlfLV4Q5jZ3tzuG3nBbnbMoS01OR3W4umqa23vfIx9O1rWwxo57GO4Re47jj1epIWu9vxi56MZrS5jHC+0fgdZLULKicM6InOa9vPo9rmtVqp56kTjyVc9lvU3d+D5zSTrItsiutK+mRflSd0Lkm4/PpbDz/cc1qfV0Wfe0hsNBcauGK24Y2kkmqJpEZDCykpnVznOcvhqJI/hVX6lrP1rtuH4p+EfyyYz3+ro6ve/wBjz/7uO3x+fVwSjR1tHcaSGvt9XDVU1QxJIZoZEfHIxU5RzXJ4VFT6oZ+bxZptYN4WA6J1E0i2ehdQ01TE1ypw6pkSSoen59hI0T/x/M0DoqKjttHBbrfSxU1LSxNhghiYjWRxtThrWonhERERERPsZ77soafQTeLg+r2NxNoYrysFdcmxfAkz2yrDV+nj9pA5vV93Ocq8qpocAAAAAAAAAAAAChusGw/XnOqa4Xyp12flFas81XTWa5SVKQR9TlckUMkkj2t4RelvwNb6eWodTsX3A0FXNPtyyPBbfiN/sDZ/d4qKJ0TKp8TuJ2SsernJUN4VznK5epEd8vT5uSZ5b1r/AHjXfcliW27GKpyU1tnhhqVb5a2rqER8srkT1SKn6V+6ftEL9Yxjdow/HLZitgpG01ttFJFR0sSfuxxtRrefuvCeV+q8qUZ9qosnb0xROe3zeVX7c/zLj/UvLiyRtxm0Ni46EoKdG8fbtt4IJ9oAka7XMm6+OUqrd0/x98i/05PJsQgZV7TsSpa2Fk1PKt0jWORqOa+Na+oRWqi+FReVRUKz53j1+2EbjKLULFqWpqNOsnkfHJTRryiQOciy0i8rx3I14kiVVTlERFVeHnuaNYTkm+HXWv1v1MopI8FsFQ2Git8i8xS9C9UVE36OanKSTO/eV3HCdfw6IsY1jUYxqNa1OERE4RE+x4quspLfSTV9fVRU1NTxulmmmejGRsanLnOcvhEREVVVfQz53Ga+5Zuvy+Dbrt7pJq2ySzotxuCcsZXdtyKr3O/o6WNeHdS+XuRvCfKjrkaCaM2PQfTW3YDZpfeJYlWpuFYrelaureidyVU+ieGtan0a1qcqqcrVm9+z+zjUbX3Is51Iy62QYpe7lVXBW2mokdWvidLzDTqkkSNYqM6UV3xonT4ReeUk/IvZ37b7tYJLZZbJdLHcFjVIrlBc55pGv48OdHK50bk59URreU9FT1IO2cZznGhe4S67Wc1uLqq2VFTU09K1XKsdPVsYszJYufljmjRV6fqr2L4Xq5ZLy72pNOlR8qVtF0c//GjVOP8AEaGGe/tT0j/GtOVT5/dbnz/Drp+P9TQOl7i00Ky/P229XP348nlAAAAAAAAAAABWHb1vAuurWsGQ6SZriVBjNxtbJ20kLKl8kks9PKrJ4lVyIiuROXIiInhj1+hZ4zi0xqaXUP2klwyfB3NntNFX19VPU0/mNYo6J1O+RFTwrXzOREX0XuIv1NGKqpgoqaasqpEjhgjdLI9fRrWpyqr/AHIZ57CaObVfcnn2tl3hdI+lZUVUSu/oaiumd08fbiJkzET7KaIlOfab4ZVXnSXH8ypYXSJjl3WOoVE/5cFSzp61/LuRwt/i9CwG3bOLfqHolhuT0FUyZ0topqeqRrue3VRMSOZi/ZUe13r9OF+pBHtLc4t9m0ZtuEJVM/Eciu0UiQdXxe7QI5738fZJFhT+9fsTdtiwyr0/0BwfFrhC6Grp7UyoqYnJw6Kadzp3sX82ulVF/NCoe4jPL/vF1ytW3TS2rRcXslY6W43FidcUksfLZqpVTwscTXOYzyiPe5eFXqZx59rupWRbWdZLptf1aqu3Za6u/wCE10nwwxVEnHalYq+kM6dPP9V/HPHxqX9rq2jtlFUXK41UVNS0kT555pXI1kUbUVXOcq+ERERVVfyM8dSNU9VN9Go02j+jazWzAaCRH11bJ1RsniR3HvFSqeehVT9nB6qqIqpynwXK0K0AwLQDFUx/EKPu1lQjXXG6TtT3mukT6uX91icr0sTw3n6qquWSys2gG8iTWHVq96TZPg8GKXO2RVHYjdcVqHzzwS9E0PmNnxInU7hE9GO+xZkzmxGop9Z/aSVeVYk9Km02mtdUzVUK9UaxUdE2m7iOT1a+ZrGovoqPT6H0N2KfyQ728D1duDVis9zdb6mpqOPCJC/sVKfmrYe27/EhoNDNDUQsqKeVksUrUex7HI5rmqnKKip4VFT6meu8+WLWXdtgGj1helY63pTUdcka9XZknm7k/PH9SBrHr9k5+xoaAAAAAAAAAAAAVX3G7KpNR8xZq3pDlTcSzZj2TTPc58cFTMxERsySRor4ZeERFc1HI7hOUReXLwN10T9ohn1tfheX6wWWkskzexUzR1EcTpYuOHIrqenbK9FTwrXKiO9F9VLBbbdseG7csfnpbVUPut+uSN/ErvNEjHSo30jjZyvbjRfPTyqqvlVXhESRdQbLdckwLJcdsNRBBc7raKyiopahzmxRzywvZG56tRVRqOciqqIq8c8IvoQlsx22Zbtzx/JaHM7nZa2uvlZBKx9rmlkY2KJjkRHLJHGvPU93hEVOPqWMPkZbilhznGbliGUW9lbartTvpaqB/jqY5PoqeUci8Kip5RURU8oUsotpG6zQa83D9WzVqifYLhKsnule5jZEX0RXwyxSQueicJ3G8KvHoicIfc0z2Uah5RqTT6t7ps5p8muFG9ktPbIJHTRvcxeWNlcrWMZG13K9qNvSqr5XjlFsLuAxrVjM9OK/EtH7tZbVdbv/ADWpr7lUzQ+70rkXudlYopF7jk+HleOlFVUXnjjjtpG2Om26YfVR3iehuGWXmTquVdS9TomxNVe3BE57Wu6ET4lVWoqucvPhrePT3fbV2bisft9bjdVb7bl9mejKSsrFeyGamcvL4ZXMa5yIi/G1UavC9SeEeqp62SaQ7jsw2tT6N37KsVdl8vZt8l3ZXVSw1VuY9rl7j1p0ekrmt7bvhVHJyqry5USvGK7Dd3+Cwz02E612LH4apyPnjteR3SkbK5E4RXJHTojlRFXhVPufqkb9v7Tif50vP+yWA2raTa8aWw5MzW/Uz9L3XJ1GtsX8ZrK/3ZI0m7v/AFLG9HV1x/Lzz0+fRDi9xmyWbUPNE1c0dytmJZn3G1E/W6SOConb8s7ZIkV8MvhOVRrkdwi8IvUruGuuivtEs8tjsKy3V6y0tknZ2ameOojidLEvhzXPp6dJnoqeFRyojvRfVSwm2zbNiO3LGp6C1VLrrfLn0Oud2ljRjpunnpjjZyvbjbyqo3lVVVVVVfCJ9XcFoFie4XCFxPI5X0VXTSLUWy5QsR0lHPxxzwqp1scnhzFVOU48oqIqVhs+gntA9ObQmAYLq9Zpsdib2aWV1QxzoIvREa6aB0sSIno1jlRv7pK+1zZ9BoldqzUPO8hZk2dXJsjX1aK98VKki8yqx8nxySPXnqkciLwqoiJy5XWVAAAAAAAAAAAAAAAAAAAAAAAAAAAAAAAAAAAAAAAAAAAAAAAAAAAAAAAAAAAAAAAAAAAAAAAAAAAAAAAAAAAAAAAAAAAAAAAAAAAAAAAAAAAAAAAAAAAAAAAAAAAAAAAAAAAAAAAAAAAAAAAAAAAAAAAAAAAAAAAAAAAAAAAAAAAAAAAAAAAAAAAAAAAAAAAAAAAAAAAAAAAAAAAAAAAAAAAAAAAAAAAAAAAAAAAAAAAAAAAAAAAAAAAAAAAAAAAAAAAAAAAAAAAAAAAAAAAAAAAAAAAAAAAAAAAAAAAAAAAAAAAAAAAAAAAAAAAAAAAAAAAAAAAAAAAAAAAP/9k=\" data-filename=\"1.jpg\" style=\"width: 370px;\"></p>', '1676106998_5.jpg', 0, '1', 1, 1, '2023-02-15 09:16:38', '2023-02-11 09:18:52');
INSERT INTO `posts` (`id`, `category_id`, `user_id`, `title`, `slug`, `summary`, `description`, `image`, `is_deleted`, `is_active`, `create_by`, `update_by`, `created_at`, `updated_at`) VALUES
(7, 1, 1, 'Where does it come from?06', 'where-does-it-come-from06', 'The standard chunk of Lorem Ipsum used since the 1500s is reproduced below for those interested.', '<h2 style=\"margin-bottom: 10px; line-height: 24px; font-size: 24px; font-family: DauphinPlain;\">What is Lorem Ipsum?</h2><p style=\"margin-bottom: 15px; color: rgb(0, 0, 0); letter-spacing: normal; text-align: justify; font-family: &quot;Open Sans&quot;, Arial, sans-serif; font-size: 14px;\"><span style=\"font-weight: bolder;\">Lorem Ipsum</span>&nbsp;is simply dummy text of the printing and typesetting industry. Lorem Ipsum has been the industry\'s standard dummy text ever since the 1500s, when an unknown printer took a galley of type and scrambled it to make a type specimen book. It has survived not only five centuries, but also the leap into electronic typesetting, remaining essentially unchanged. It was popularised in the 1960s with the release of Letraset sheets containing Lorem Ipsum passages, and more recently with desktop publishing software like Aldus PageMaker including versions of Lorem Ipsum.</p><p style=\"margin-bottom: 15px; color: rgb(0, 0, 0); letter-spacing: normal; text-align: justify; font-family: &quot;Open Sans&quot;, Arial, sans-serif; font-size: 14px;\"><span style=\"font-weight: bolder;\">Lorem Ipsum</span>&nbsp;is simply dummy text of the printing and typesetting industry. Lorem Ipsum has been the industry\'s standard dummy text ever since the 1500s, when an unknown printer took a galley of type and scrambled it to make a type specimen book. It has survived not only five centuries, but also the leap into electronic typesetting, remaining essentially unchanged. It was popularised in the 1960s with the release of Letraset sheets containing Lorem Ipsum passages, and more recently with desktop publishing software like Aldus PageMaker including versions of Lorem Ipsum.</p><p style=\"margin-bottom: 15px; color: rgb(0, 0, 0); letter-spacing: normal; text-align: justify; font-family: &quot;Open Sans&quot;, Arial, sans-serif; font-size: 14px;\"><img src=\"data:image/jpeg;base64,/9j/4AAQSkZJRgABAQEAAQABAAD/2wBDAAMCAgICAgMCAgIDAwMDBAYEBAQEBAgGBgUGCQgKCgkICQkKDA8MCgsOCwkJDRENDg8QEBEQCgwSExIQEw8QEBD/wAALCAD6AXIBAREA/8QAHQABAAMBAAMBAQAAAAAAAAAAAAcICQYDBAUBAv/EAEAQAAEDAwMDAQYCBQoHAQAAAAABAgMEBQYHCBESEyExCRQiMkFRFWEWGCNCcRckQ1JYgYKWwdMlMzRTcnN1k//aAAgBAQAAPwC0AAAAAAAAAAAAAAAAAAAAAAAAAAAAAAAAAAAAAAAAAAAAAAAAAAAAAAAAAAAAAAAAAAAAAAAAAAAAAAAAAAAAAAAAAAAAAAAAAAAAAAAAAAAAAAAAAAAAAAAAAAAAAAAAAAAAAAAAAAAAAAAAAAAAAAAAAAAAAAAAAAAAAAAAAAAAAAAAAAAAAAAAAAAAAAAAAAAAAAAAAAAAAAAAAAAAAAAAAAAAAAAAAAAAAAAAAAAAAAAAAAAAAAAAAAAAAAAAAAAAAAAAAAAAAAAAAAAAAAAAAAAAAAAAAAAAAAAAAAAAAAAAAAAAAAABWzcjvOseit/h07xDG5ctzWo7aLQxPVIqVZOO21/SiufI7lFSNqc8KiqqcpzF1w3f7wcCo25bqZtspIcaYqOnfBS1VNJExf8AuSOklSP7cvYnnwWj0R1vwrXrC48xw2aViMk93raKoREno50RFVj0RVRUVFRUcnhUX7oqJBm4HcJuxwDVC44xpVoemSY5Tw076a4/o1cqzuOfE10id2CVsa8PVycInjjhfJHP62+/b+zGn+S7z/vHN3T2ge6+yZDDiV60kxm33ypdGyG21dhuMNVI6ReI0SJ9Sjl6lVOPHn6GhNwyGgxzGJsnyysgttJQUa1dwmkXiOBrWdT1X18J58eV/iU2qN82tmp9/r6HbVoX+OWu3P6X11xgmnV6fRzkifGyFXfRqvcqonP3ROk0e3z3O46gRaTbgcAdg+Q1MrKenqEbJFAsz/kZLFNy+NHeEa/qc1Vcnonkt0AfjnNY1XvcjWtTlVVeERCm2eb+L3ec2n0+216ZS5xXUznNdXvZLLDL0rw50cMXDliRf6Rz2p+XHCr8Su3t7k9Kqukq9etvUNDZaqRI/eaGKel4Vfo2SR8sbn8eehVaq8L5T1S3+m+o2J6r4db86wq4+92u4sVWKqdMkT0Xh8cjf3XtXlFT+9OUVFWvm8HdZqDoVmGKYXprj1lvFxvtNJPNBX0s9RI5XSpHAyJsMrF5c5JE4+JVXp44+sX/AK2u/f8Asxt/ybef94mDbDrfuY1Nze42TWjSBMTs1Pan1VNWJYK+h7lSk0TWx9dRI5q8sfIvSic/Dz6IpLetmtWG6EYTPmuYzyOZ1pBR0cHCz1lQqKqRsRfHoiqrl8IiKv2Raq0O8XeBmlvfmWnu22lqMXVXPhe+irKqSWNF89EjZI+76ccsjVOUUmfbHu8xncG6qxu4Wh2OZfbo1lqLZJL1snjRel0kLlRFXpXjqY5EVvKeXJyqWBAAAAAAAAAAAAK6aY7QKXBNfb5rtf8ANf0mrLqtXPSwT27suoqieRFV7X9xyO6Y+uNvhvCOJxzO8YtYcUu11zeqo6ewwUki3B9Zx2VgVqo5rkX5upF46frzwiLyUZ9l/Q3db9qHeKKCeLHZI6SBvXz0uqEfI5jUX0VzY3O5+3W37oaAEfa86v2jQ3TC76gXRrJpaViQW+lc7j3qsfykUX3455c7jyjWuX6FXNiGkF4zvILrur1Uc+43e7VUyWV1S3nl6qrZqpE9ERPMUaJ4ajX8J8qp03tL85rMf0ds+HUM7olyi6olTwvHcpqdvccz/wDR0K/4SbdsWn9u010Kw/HqGkZDNNbILhXuRvDpKudiSSucv1VFd0oq/utanoiEE+0v0/tt00stGpMFKxl3x+5xUjqlqcPdSTI5FYqp5XiVI1bz6dT+PmUlPBdwDKHavjeuGSWS931kNqiW7JaYopqhHxOWGeoVskjEVqPjc53CqqIqrxwiqnUaE7hNP9wtgrb9gzq+BbbUJTVdFcY446mFVTlj1ax729Dk56VR3lWuT1RT+ddtxGnm3myUN5zl9fUSXOdYKSht0cclVN0py96Ne9jehvLeVVyeXNTyqnr3i6X/AF/293Sq0/oK7F63MLTLBbf0ga2CRkMqdPdckDpVYjo1crVTlfLV4Q5jZ3tzuG3nBbnbMoS01OR3W4umqa23vfIx9O1rWwxo57GO4Re47jj1epIWu9vxi56MZrS5jHC+0fgdZLULKicM6InOa9vPo9rmtVqp56kTjyVc9lvU3d+D5zSTrItsiutK+mRflSd0Lkm4/PpbDz/cc1qfV0Wfe0hsNBcauGK24Y2kkmqJpEZDCykpnVznOcvhqJI/hVX6lrP1rtuH4p+EfyyYz3+ro6ve/wBjz/7uO3x+fVwSjR1tHcaSGvt9XDVU1QxJIZoZEfHIxU5RzXJ4VFT6oZ+bxZptYN4WA6J1E0i2ehdQ01TE1ypw6pkSSoen59hI0T/x/M0DoqKjttHBbrfSxU1LSxNhghiYjWRxtThrWonhERERERPsZ77soafQTeLg+r2NxNoYrysFdcmxfAkz2yrDV+nj9pA5vV93Ocq8qpocAAAAAAAAAAAAChusGw/XnOqa4Xyp12flFas81XTWa5SVKQR9TlckUMkkj2t4RelvwNb6eWodTsX3A0FXNPtyyPBbfiN/sDZ/d4qKJ0TKp8TuJ2SsernJUN4VznK5epEd8vT5uSZ5b1r/AHjXfcliW27GKpyU1tnhhqVb5a2rqER8srkT1SKn6V+6ftEL9Yxjdow/HLZitgpG01ttFJFR0sSfuxxtRrefuvCeV+q8qUZ9qosnb0xROe3zeVX7c/zLj/UvLiyRtxm0Ni46EoKdG8fbtt4IJ9oAka7XMm6+OUqrd0/x98i/05PJsQgZV7TsSpa2Fk1PKt0jWORqOa+Na+oRWqi+FReVRUKz53j1+2EbjKLULFqWpqNOsnkfHJTRryiQOciy0i8rx3I14kiVVTlERFVeHnuaNYTkm+HXWv1v1MopI8FsFQ2Git8i8xS9C9UVE36OanKSTO/eV3HCdfw6IsY1jUYxqNa1OERE4RE+x4quspLfSTV9fVRU1NTxulmmmejGRsanLnOcvhEREVVVfQz53Ga+5Zuvy+Dbrt7pJq2ySzotxuCcsZXdtyKr3O/o6WNeHdS+XuRvCfKjrkaCaM2PQfTW3YDZpfeJYlWpuFYrelaureidyVU+ieGtan0a1qcqqcrVm9+z+zjUbX3Is51Iy62QYpe7lVXBW2mokdWvidLzDTqkkSNYqM6UV3xonT4ReeUk/IvZ37b7tYJLZZbJdLHcFjVIrlBc55pGv48OdHK50bk59URreU9FT1IO2cZznGhe4S67Wc1uLqq2VFTU09K1XKsdPVsYszJYufljmjRV6fqr2L4Xq5ZLy72pNOlR8qVtF0c//GjVOP8AEaGGe/tT0j/GtOVT5/dbnz/Drp+P9TQOl7i00Ky/P229XP348nlAAAAAAAAAAABWHb1vAuurWsGQ6SZriVBjNxtbJ20kLKl8kks9PKrJ4lVyIiuROXIiInhj1+hZ4zi0xqaXUP2klwyfB3NntNFX19VPU0/mNYo6J1O+RFTwrXzOREX0XuIv1NGKqpgoqaasqpEjhgjdLI9fRrWpyqr/AHIZ57CaObVfcnn2tl3hdI+lZUVUSu/oaiumd08fbiJkzET7KaIlOfab4ZVXnSXH8ypYXSJjl3WOoVE/5cFSzp61/LuRwt/i9CwG3bOLfqHolhuT0FUyZ0topqeqRrue3VRMSOZi/ZUe13r9OF+pBHtLc4t9m0ZtuEJVM/Eciu0UiQdXxe7QI5738fZJFhT+9fsTdtiwyr0/0BwfFrhC6Grp7UyoqYnJw6Kadzp3sX82ulVF/NCoe4jPL/vF1ytW3TS2rRcXslY6W43FidcUksfLZqpVTwscTXOYzyiPe5eFXqZx59rupWRbWdZLptf1aqu3Za6u/wCE10nwwxVEnHalYq+kM6dPP9V/HPHxqX9rq2jtlFUXK41UVNS0kT555pXI1kUbUVXOcq+ERERVVfyM8dSNU9VN9Go02j+jazWzAaCRH11bJ1RsniR3HvFSqeehVT9nB6qqIqpynwXK0K0AwLQDFUx/EKPu1lQjXXG6TtT3mukT6uX91icr0sTw3n6qquWSys2gG8iTWHVq96TZPg8GKXO2RVHYjdcVqHzzwS9E0PmNnxInU7hE9GO+xZkzmxGop9Z/aSVeVYk9Km02mtdUzVUK9UaxUdE2m7iOT1a+ZrGovoqPT6H0N2KfyQ728D1duDVis9zdb6mpqOPCJC/sVKfmrYe27/EhoNDNDUQsqKeVksUrUex7HI5rmqnKKip4VFT6meu8+WLWXdtgGj1helY63pTUdcka9XZknm7k/PH9SBrHr9k5+xoaAAAAAAAAAAAAVX3G7KpNR8xZq3pDlTcSzZj2TTPc58cFTMxERsySRor4ZeERFc1HI7hOUReXLwN10T9ohn1tfheX6wWWkskzexUzR1EcTpYuOHIrqenbK9FTwrXKiO9F9VLBbbdseG7csfnpbVUPut+uSN/ErvNEjHSo30jjZyvbjRfPTyqqvlVXhESRdQbLdckwLJcdsNRBBc7raKyiopahzmxRzywvZG56tRVRqOciqqIq8c8IvoQlsx22Zbtzx/JaHM7nZa2uvlZBKx9rmlkY2KJjkRHLJHGvPU93hEVOPqWMPkZbilhznGbliGUW9lbartTvpaqB/jqY5PoqeUci8Kip5RURU8oUsotpG6zQa83D9WzVqifYLhKsnule5jZEX0RXwyxSQueicJ3G8KvHoicIfc0z2Uah5RqTT6t7ps5p8muFG9ktPbIJHTRvcxeWNlcrWMZG13K9qNvSqr5XjlFsLuAxrVjM9OK/EtH7tZbVdbv/ADWpr7lUzQ+70rkXudlYopF7jk+HleOlFVUXnjjjtpG2Om26YfVR3iehuGWXmTquVdS9TomxNVe3BE57Wu6ET4lVWoqucvPhrePT3fbV2bisft9bjdVb7bl9mejKSsrFeyGamcvL4ZXMa5yIi/G1UavC9SeEeqp62SaQ7jsw2tT6N37KsVdl8vZt8l3ZXVSw1VuY9rl7j1p0ekrmt7bvhVHJyqry5USvGK7Dd3+Cwz02E612LH4apyPnjteR3SkbK5E4RXJHTojlRFXhVPufqkb9v7Tif50vP+yWA2raTa8aWw5MzW/Uz9L3XJ1GtsX8ZrK/3ZI0m7v/AFLG9HV1x/Lzz0+fRDi9xmyWbUPNE1c0dytmJZn3G1E/W6SOConb8s7ZIkV8MvhOVRrkdwi8IvUruGuuivtEs8tjsKy3V6y0tknZ2ameOojidLEvhzXPp6dJnoqeFRyojvRfVSwm2zbNiO3LGp6C1VLrrfLn0Oud2ljRjpunnpjjZyvbjbyqo3lVVVVVVfCJ9XcFoFie4XCFxPI5X0VXTSLUWy5QsR0lHPxxzwqp1scnhzFVOU48oqIqVhs+gntA9ObQmAYLq9Zpsdib2aWV1QxzoIvREa6aB0sSIno1jlRv7pK+1zZ9BoldqzUPO8hZk2dXJsjX1aK98VKki8yqx8nxySPXnqkciLwqoiJy5XWVAAAAAAAAAAAAAAAAAAAAAAAAAAAAAAAAAAAAAAAAAAAAAAAAAAAAAAAAAAAAAAAAAAAAAAAAAAAAAAAAAAAAAAAAAAAAAAAAAAAAAAAAAAAAAAAAAAAAAAAAAAAAAAAAAAAAAAAAAAAAAAAAAAAAAAAAAAAAAAAAAAAAAAAAAAAAAAAAAAAAAAAAAAAAAAAAAAAAAAAAAAAAAAAAAAAAAAAAAAAAAAAAAAAAAAAAAAAAAAAAAAAAAAAAAAAAAAAAAAAAAAAAAAAAAAAAAAAAAAAAAAAAAAAAAAAAAAAAAAAAAAAAAAAAAAAAAAAAAAAAAAAAAAAAAAAAAAAP/9k=\" data-filename=\"1.jpg\" style=\"width: 370px;\"></p>', '1676106998_5.jpg', 0, '1', 1, 1, '2023-02-16 09:16:38', '2023-02-11 09:18:52'),
(8, 1, 1, 'Where does it come from?07', 'where-does-it-come-from07', 'The standard chunk of Lorem Ipsum used since the 1500s is reproduced below for those interested.', '<h2 style=\"margin-bottom: 10px; line-height: 24px; font-size: 24px; font-family: DauphinPlain;\">What is Lorem Ipsum?</h2><p style=\"margin-bottom: 15px; color: rgb(0, 0, 0); letter-spacing: normal; text-align: justify; font-family: &quot;Open Sans&quot;, Arial, sans-serif; font-size: 14px;\"><span style=\"font-weight: bolder;\">Lorem Ipsum</span>&nbsp;is simply dummy text of the printing and typesetting industry. Lorem Ipsum has been the industry\'s standard dummy text ever since the 1500s, when an unknown printer took a galley of type and scrambled it to make a type specimen book. It has survived not only five centuries, but also the leap into electronic typesetting, remaining essentially unchanged. It was popularised in the 1960s with the release of Letraset sheets containing Lorem Ipsum passages, and more recently with desktop publishing software like Aldus PageMaker including versions of Lorem Ipsum.</p><p style=\"margin-bottom: 15px; color: rgb(0, 0, 0); letter-spacing: normal; text-align: justify; font-family: &quot;Open Sans&quot;, Arial, sans-serif; font-size: 14px;\"><span style=\"font-weight: bolder;\">Lorem Ipsum</span>&nbsp;is simply dummy text of the printing and typesetting industry. Lorem Ipsum has been the industry\'s standard dummy text ever since the 1500s, when an unknown printer took a galley of type and scrambled it to make a type specimen book. It has survived not only five centuries, but also the leap into electronic typesetting, remaining essentially unchanged. It was popularised in the 1960s with the release of Letraset sheets containing Lorem Ipsum passages, and more recently with desktop publishing software like Aldus PageMaker including versions of Lorem Ipsum.</p><p style=\"margin-bottom: 15px; color: rgb(0, 0, 0); letter-spacing: normal; text-align: justify; font-family: &quot;Open Sans&quot;, Arial, sans-serif; font-size: 14px;\"><img src=\"data:image/jpeg;base64,/9j/4AAQSkZJRgABAQEAAQABAAD/2wBDAAMCAgICAgMCAgIDAwMDBAYEBAQEBAgGBgUGCQgKCgkICQkKDA8MCgsOCwkJDRENDg8QEBEQCgwSExIQEw8QEBD/wAALCAD6AXIBAREA/8QAHQABAAMBAAMBAQAAAAAAAAAAAAcICQYDBAUBAv/EAEAQAAEDAwMDAQYCBQoHAQAAAAABAgMEBQYHCBESEyExCRQiMkFRFWEWGCNCcRckQ1JYgYKWwdMlMzRTcnN1k//aAAgBAQAAPwC0AAAAAAAAAAAAAAAAAAAAAAAAAAAAAAAAAAAAAAAAAAAAAAAAAAAAAAAAAAAAAAAAAAAAAAAAAAAAAAAAAAAAAAAAAAAAAAAAAAAAAAAAAAAAAAAAAAAAAAAAAAAAAAAAAAAAAAAAAAAAAAAAAAAAAAAAAAAAAAAAAAAAAAAAAAAAAAAAAAAAAAAAAAAAAAAAAAAAAAAAAAAAAAAAAAAAAAAAAAAAAAAAAAAAAAAAAAAAAAAAAAAAAAAAAAAAAAAAAAAAAAAAAAAAAAAAAAAAAAAAAAAAAAAAAAAAAAAAAAAAAAAAAAAAAAABWzcjvOseit/h07xDG5ctzWo7aLQxPVIqVZOO21/SiufI7lFSNqc8KiqqcpzF1w3f7wcCo25bqZtspIcaYqOnfBS1VNJExf8AuSOklSP7cvYnnwWj0R1vwrXrC48xw2aViMk93raKoREno50RFVj0RVRUVFRUcnhUX7oqJBm4HcJuxwDVC44xpVoemSY5Tw076a4/o1cqzuOfE10id2CVsa8PVycInjjhfJHP62+/b+zGn+S7z/vHN3T2ge6+yZDDiV60kxm33ypdGyG21dhuMNVI6ReI0SJ9Sjl6lVOPHn6GhNwyGgxzGJsnyysgttJQUa1dwmkXiOBrWdT1X18J58eV/iU2qN82tmp9/r6HbVoX+OWu3P6X11xgmnV6fRzkifGyFXfRqvcqonP3ROk0e3z3O46gRaTbgcAdg+Q1MrKenqEbJFAsz/kZLFNy+NHeEa/qc1Vcnonkt0AfjnNY1XvcjWtTlVVeERCm2eb+L3ec2n0+216ZS5xXUznNdXvZLLDL0rw50cMXDliRf6Rz2p+XHCr8Su3t7k9Kqukq9etvUNDZaqRI/eaGKel4Vfo2SR8sbn8eehVaq8L5T1S3+m+o2J6r4db86wq4+92u4sVWKqdMkT0Xh8cjf3XtXlFT+9OUVFWvm8HdZqDoVmGKYXprj1lvFxvtNJPNBX0s9RI5XSpHAyJsMrF5c5JE4+JVXp44+sX/AK2u/f8Asxt/ybef94mDbDrfuY1Nze42TWjSBMTs1Pan1VNWJYK+h7lSk0TWx9dRI5q8sfIvSic/Dz6IpLetmtWG6EYTPmuYzyOZ1pBR0cHCz1lQqKqRsRfHoiqrl8IiKv2Raq0O8XeBmlvfmWnu22lqMXVXPhe+irKqSWNF89EjZI+76ccsjVOUUmfbHu8xncG6qxu4Wh2OZfbo1lqLZJL1snjRel0kLlRFXpXjqY5EVvKeXJyqWBAAAAAAAAAAAAK6aY7QKXBNfb5rtf8ANf0mrLqtXPSwT27suoqieRFV7X9xyO6Y+uNvhvCOJxzO8YtYcUu11zeqo6ewwUki3B9Zx2VgVqo5rkX5upF46frzwiLyUZ9l/Q3db9qHeKKCeLHZI6SBvXz0uqEfI5jUX0VzY3O5+3W37oaAEfa86v2jQ3TC76gXRrJpaViQW+lc7j3qsfykUX3455c7jyjWuX6FXNiGkF4zvILrur1Uc+43e7VUyWV1S3nl6qrZqpE9ERPMUaJ4ajX8J8qp03tL85rMf0ds+HUM7olyi6olTwvHcpqdvccz/wDR0K/4SbdsWn9u010Kw/HqGkZDNNbILhXuRvDpKudiSSucv1VFd0oq/utanoiEE+0v0/tt00stGpMFKxl3x+5xUjqlqcPdSTI5FYqp5XiVI1bz6dT+PmUlPBdwDKHavjeuGSWS931kNqiW7JaYopqhHxOWGeoVskjEVqPjc53CqqIqrxwiqnUaE7hNP9wtgrb9gzq+BbbUJTVdFcY446mFVTlj1ax729Dk56VR3lWuT1RT+ddtxGnm3myUN5zl9fUSXOdYKSht0cclVN0py96Ne9jehvLeVVyeXNTyqnr3i6X/AF/293Sq0/oK7F63MLTLBbf0ga2CRkMqdPdckDpVYjo1crVTlfLV4Q5jZ3tzuG3nBbnbMoS01OR3W4umqa23vfIx9O1rWwxo57GO4Re47jj1epIWu9vxi56MZrS5jHC+0fgdZLULKicM6InOa9vPo9rmtVqp56kTjyVc9lvU3d+D5zSTrItsiutK+mRflSd0Lkm4/PpbDz/cc1qfV0Wfe0hsNBcauGK24Y2kkmqJpEZDCykpnVznOcvhqJI/hVX6lrP1rtuH4p+EfyyYz3+ro6ve/wBjz/7uO3x+fVwSjR1tHcaSGvt9XDVU1QxJIZoZEfHIxU5RzXJ4VFT6oZ+bxZptYN4WA6J1E0i2ehdQ01TE1ypw6pkSSoen59hI0T/x/M0DoqKjttHBbrfSxU1LSxNhghiYjWRxtThrWonhERERERPsZ77soafQTeLg+r2NxNoYrysFdcmxfAkz2yrDV+nj9pA5vV93Ocq8qpocAAAAAAAAAAAAChusGw/XnOqa4Xyp12flFas81XTWa5SVKQR9TlckUMkkj2t4RelvwNb6eWodTsX3A0FXNPtyyPBbfiN/sDZ/d4qKJ0TKp8TuJ2SsernJUN4VznK5epEd8vT5uSZ5b1r/AHjXfcliW27GKpyU1tnhhqVb5a2rqER8srkT1SKn6V+6ftEL9Yxjdow/HLZitgpG01ttFJFR0sSfuxxtRrefuvCeV+q8qUZ9qosnb0xROe3zeVX7c/zLj/UvLiyRtxm0Ni46EoKdG8fbtt4IJ9oAka7XMm6+OUqrd0/x98i/05PJsQgZV7TsSpa2Fk1PKt0jWORqOa+Na+oRWqi+FReVRUKz53j1+2EbjKLULFqWpqNOsnkfHJTRryiQOciy0i8rx3I14kiVVTlERFVeHnuaNYTkm+HXWv1v1MopI8FsFQ2Git8i8xS9C9UVE36OanKSTO/eV3HCdfw6IsY1jUYxqNa1OERE4RE+x4quspLfSTV9fVRU1NTxulmmmejGRsanLnOcvhEREVVVfQz53Ga+5Zuvy+Dbrt7pJq2ySzotxuCcsZXdtyKr3O/o6WNeHdS+XuRvCfKjrkaCaM2PQfTW3YDZpfeJYlWpuFYrelaureidyVU+ieGtan0a1qcqqcrVm9+z+zjUbX3Is51Iy62QYpe7lVXBW2mokdWvidLzDTqkkSNYqM6UV3xonT4ReeUk/IvZ37b7tYJLZZbJdLHcFjVIrlBc55pGv48OdHK50bk59URreU9FT1IO2cZznGhe4S67Wc1uLqq2VFTU09K1XKsdPVsYszJYufljmjRV6fqr2L4Xq5ZLy72pNOlR8qVtF0c//GjVOP8AEaGGe/tT0j/GtOVT5/dbnz/Drp+P9TQOl7i00Ky/P229XP348nlAAAAAAAAAAABWHb1vAuurWsGQ6SZriVBjNxtbJ20kLKl8kks9PKrJ4lVyIiuROXIiInhj1+hZ4zi0xqaXUP2klwyfB3NntNFX19VPU0/mNYo6J1O+RFTwrXzOREX0XuIv1NGKqpgoqaasqpEjhgjdLI9fRrWpyqr/AHIZ57CaObVfcnn2tl3hdI+lZUVUSu/oaiumd08fbiJkzET7KaIlOfab4ZVXnSXH8ypYXSJjl3WOoVE/5cFSzp61/LuRwt/i9CwG3bOLfqHolhuT0FUyZ0topqeqRrue3VRMSOZi/ZUe13r9OF+pBHtLc4t9m0ZtuEJVM/Eciu0UiQdXxe7QI5738fZJFhT+9fsTdtiwyr0/0BwfFrhC6Grp7UyoqYnJw6Kadzp3sX82ulVF/NCoe4jPL/vF1ytW3TS2rRcXslY6W43FidcUksfLZqpVTwscTXOYzyiPe5eFXqZx59rupWRbWdZLptf1aqu3Za6u/wCE10nwwxVEnHalYq+kM6dPP9V/HPHxqX9rq2jtlFUXK41UVNS0kT555pXI1kUbUVXOcq+ERERVVfyM8dSNU9VN9Go02j+jazWzAaCRH11bJ1RsniR3HvFSqeehVT9nB6qqIqpynwXK0K0AwLQDFUx/EKPu1lQjXXG6TtT3mukT6uX91icr0sTw3n6qquWSys2gG8iTWHVq96TZPg8GKXO2RVHYjdcVqHzzwS9E0PmNnxInU7hE9GO+xZkzmxGop9Z/aSVeVYk9Km02mtdUzVUK9UaxUdE2m7iOT1a+ZrGovoqPT6H0N2KfyQ728D1duDVis9zdb6mpqOPCJC/sVKfmrYe27/EhoNDNDUQsqKeVksUrUex7HI5rmqnKKip4VFT6meu8+WLWXdtgGj1helY63pTUdcka9XZknm7k/PH9SBrHr9k5+xoaAAAAAAAAAAAAVX3G7KpNR8xZq3pDlTcSzZj2TTPc58cFTMxERsySRor4ZeERFc1HI7hOUReXLwN10T9ohn1tfheX6wWWkskzexUzR1EcTpYuOHIrqenbK9FTwrXKiO9F9VLBbbdseG7csfnpbVUPut+uSN/ErvNEjHSo30jjZyvbjRfPTyqqvlVXhESRdQbLdckwLJcdsNRBBc7raKyiopahzmxRzywvZG56tRVRqOciqqIq8c8IvoQlsx22Zbtzx/JaHM7nZa2uvlZBKx9rmlkY2KJjkRHLJHGvPU93hEVOPqWMPkZbilhznGbliGUW9lbartTvpaqB/jqY5PoqeUci8Kip5RURU8oUsotpG6zQa83D9WzVqifYLhKsnule5jZEX0RXwyxSQueicJ3G8KvHoicIfc0z2Uah5RqTT6t7ps5p8muFG9ktPbIJHTRvcxeWNlcrWMZG13K9qNvSqr5XjlFsLuAxrVjM9OK/EtH7tZbVdbv/ADWpr7lUzQ+70rkXudlYopF7jk+HleOlFVUXnjjjtpG2Om26YfVR3iehuGWXmTquVdS9TomxNVe3BE57Wu6ET4lVWoqucvPhrePT3fbV2bisft9bjdVb7bl9mejKSsrFeyGamcvL4ZXMa5yIi/G1UavC9SeEeqp62SaQ7jsw2tT6N37KsVdl8vZt8l3ZXVSw1VuY9rl7j1p0ekrmt7bvhVHJyqry5USvGK7Dd3+Cwz02E612LH4apyPnjteR3SkbK5E4RXJHTojlRFXhVPufqkb9v7Tif50vP+yWA2raTa8aWw5MzW/Uz9L3XJ1GtsX8ZrK/3ZI0m7v/AFLG9HV1x/Lzz0+fRDi9xmyWbUPNE1c0dytmJZn3G1E/W6SOConb8s7ZIkV8MvhOVRrkdwi8IvUruGuuivtEs8tjsKy3V6y0tknZ2ameOojidLEvhzXPp6dJnoqeFRyojvRfVSwm2zbNiO3LGp6C1VLrrfLn0Oud2ljRjpunnpjjZyvbjbyqo3lVVVVVVfCJ9XcFoFie4XCFxPI5X0VXTSLUWy5QsR0lHPxxzwqp1scnhzFVOU48oqIqVhs+gntA9ObQmAYLq9Zpsdib2aWV1QxzoIvREa6aB0sSIno1jlRv7pK+1zZ9BoldqzUPO8hZk2dXJsjX1aK98VKki8yqx8nxySPXnqkciLwqoiJy5XWVAAAAAAAAAAAAAAAAAAAAAAAAAAAAAAAAAAAAAAAAAAAAAAAAAAAAAAAAAAAAAAAAAAAAAAAAAAAAAAAAAAAAAAAAAAAAAAAAAAAAAAAAAAAAAAAAAAAAAAAAAAAAAAAAAAAAAAAAAAAAAAAAAAAAAAAAAAAAAAAAAAAAAAAAAAAAAAAAAAAAAAAAAAAAAAAAAAAAAAAAAAAAAAAAAAAAAAAAAAAAAAAAAAAAAAAAAAAAAAAAAAAAAAAAAAAAAAAAAAAAAAAAAAAAAAAAAAAAAAAAAAAAAAAAAAAAAAAAAAAAAAAAAAAAAAAAAAAAAAAAAAAAAAAAAAAAAAAP/9k=\" data-filename=\"1.jpg\" style=\"width: 370px;\"></p>', '1676106998_5.jpg', 0, '1', 1, 1, '2023-02-16 09:16:38', '2023-02-11 09:18:52'),
(9, 1, 1, 'Where does it come from?08', 'where-does-it-come-from08', 'The standard chunk of Lorem Ipsum used since the 1500s is reproduced below for those interested.', '<h2 style=\"margin-bottom: 10px; line-height: 24px; font-size: 24px; font-family: DauphinPlain;\">What is Lorem Ipsum?</h2><p style=\"margin-bottom: 15px; color: rgb(0, 0, 0); letter-spacing: normal; text-align: justify; font-family: &quot;Open Sans&quot;, Arial, sans-serif; font-size: 14px;\"><span style=\"font-weight: bolder;\">Lorem Ipsum</span>&nbsp;is simply dummy text of the printing and typesetting industry. Lorem Ipsum has been the industry\'s standard dummy text ever since the 1500s, when an unknown printer took a galley of type and scrambled it to make a type specimen book. It has survived not only five centuries, but also the leap into electronic typesetting, remaining essentially unchanged. It was popularised in the 1960s with the release of Letraset sheets containing Lorem Ipsum passages, and more recently with desktop publishing software like Aldus PageMaker including versions of Lorem Ipsum.</p><p style=\"margin-bottom: 15px; color: rgb(0, 0, 0); letter-spacing: normal; text-align: justify; font-family: &quot;Open Sans&quot;, Arial, sans-serif; font-size: 14px;\"><span style=\"font-weight: bolder;\">Lorem Ipsum</span>&nbsp;is simply dummy text of the printing and typesetting industry. Lorem Ipsum has been the industry\'s standard dummy text ever since the 1500s, when an unknown printer took a galley of type and scrambled it to make a type specimen book. It has survived not only five centuries, but also the leap into electronic typesetting, remaining essentially unchanged. It was popularised in the 1960s with the release of Letraset sheets containing Lorem Ipsum passages, and more recently with desktop publishing software like Aldus PageMaker including versions of Lorem Ipsum.</p><p style=\"margin-bottom: 15px; color: rgb(0, 0, 0); letter-spacing: normal; text-align: justify; font-family: &quot;Open Sans&quot;, Arial, sans-serif; font-size: 14px;\"><img src=\"data:image/jpeg;base64,/9j/4AAQSkZJRgABAQEAAQABAAD/2wBDAAMCAgICAgMCAgIDAwMDBAYEBAQEBAgGBgUGCQgKCgkICQkKDA8MCgsOCwkJDRENDg8QEBEQCgwSExIQEw8QEBD/wAALCAD6AXIBAREA/8QAHQABAAMBAAMBAQAAAAAAAAAAAAcICQYDBAUBAv/EAEAQAAEDAwMDAQYCBQoHAQAAAAABAgMEBQYHCBESEyExCRQiMkFRFWEWGCNCcRckQ1JYgYKWwdMlMzRTcnN1k//aAAgBAQAAPwC0AAAAAAAAAAAAAAAAAAAAAAAAAAAAAAAAAAAAAAAAAAAAAAAAAAAAAAAAAAAAAAAAAAAAAAAAAAAAAAAAAAAAAAAAAAAAAAAAAAAAAAAAAAAAAAAAAAAAAAAAAAAAAAAAAAAAAAAAAAAAAAAAAAAAAAAAAAAAAAAAAAAAAAAAAAAAAAAAAAAAAAAAAAAAAAAAAAAAAAAAAAAAAAAAAAAAAAAAAAAAAAAAAAAAAAAAAAAAAAAAAAAAAAAAAAAAAAAAAAAAAAAAAAAAAAAAAAAAAAAAAAAAAAAAAAAAAAAAAAAAAAAAAAAAAAABWzcjvOseit/h07xDG5ctzWo7aLQxPVIqVZOO21/SiufI7lFSNqc8KiqqcpzF1w3f7wcCo25bqZtspIcaYqOnfBS1VNJExf8AuSOklSP7cvYnnwWj0R1vwrXrC48xw2aViMk93raKoREno50RFVj0RVRUVFRUcnhUX7oqJBm4HcJuxwDVC44xpVoemSY5Tw076a4/o1cqzuOfE10id2CVsa8PVycInjjhfJHP62+/b+zGn+S7z/vHN3T2ge6+yZDDiV60kxm33ypdGyG21dhuMNVI6ReI0SJ9Sjl6lVOPHn6GhNwyGgxzGJsnyysgttJQUa1dwmkXiOBrWdT1X18J58eV/iU2qN82tmp9/r6HbVoX+OWu3P6X11xgmnV6fRzkifGyFXfRqvcqonP3ROk0e3z3O46gRaTbgcAdg+Q1MrKenqEbJFAsz/kZLFNy+NHeEa/qc1Vcnonkt0AfjnNY1XvcjWtTlVVeERCm2eb+L3ec2n0+216ZS5xXUznNdXvZLLDL0rw50cMXDliRf6Rz2p+XHCr8Su3t7k9Kqukq9etvUNDZaqRI/eaGKel4Vfo2SR8sbn8eehVaq8L5T1S3+m+o2J6r4db86wq4+92u4sVWKqdMkT0Xh8cjf3XtXlFT+9OUVFWvm8HdZqDoVmGKYXprj1lvFxvtNJPNBX0s9RI5XSpHAyJsMrF5c5JE4+JVXp44+sX/AK2u/f8Asxt/ybef94mDbDrfuY1Nze42TWjSBMTs1Pan1VNWJYK+h7lSk0TWx9dRI5q8sfIvSic/Dz6IpLetmtWG6EYTPmuYzyOZ1pBR0cHCz1lQqKqRsRfHoiqrl8IiKv2Raq0O8XeBmlvfmWnu22lqMXVXPhe+irKqSWNF89EjZI+76ccsjVOUUmfbHu8xncG6qxu4Wh2OZfbo1lqLZJL1snjRel0kLlRFXpXjqY5EVvKeXJyqWBAAAAAAAAAAAAK6aY7QKXBNfb5rtf8ANf0mrLqtXPSwT27suoqieRFV7X9xyO6Y+uNvhvCOJxzO8YtYcUu11zeqo6ewwUki3B9Zx2VgVqo5rkX5upF46frzwiLyUZ9l/Q3db9qHeKKCeLHZI6SBvXz0uqEfI5jUX0VzY3O5+3W37oaAEfa86v2jQ3TC76gXRrJpaViQW+lc7j3qsfykUX3455c7jyjWuX6FXNiGkF4zvILrur1Uc+43e7VUyWV1S3nl6qrZqpE9ERPMUaJ4ajX8J8qp03tL85rMf0ds+HUM7olyi6olTwvHcpqdvccz/wDR0K/4SbdsWn9u010Kw/HqGkZDNNbILhXuRvDpKudiSSucv1VFd0oq/utanoiEE+0v0/tt00stGpMFKxl3x+5xUjqlqcPdSTI5FYqp5XiVI1bz6dT+PmUlPBdwDKHavjeuGSWS931kNqiW7JaYopqhHxOWGeoVskjEVqPjc53CqqIqrxwiqnUaE7hNP9wtgrb9gzq+BbbUJTVdFcY446mFVTlj1ax729Dk56VR3lWuT1RT+ddtxGnm3myUN5zl9fUSXOdYKSht0cclVN0py96Ne9jehvLeVVyeXNTyqnr3i6X/AF/293Sq0/oK7F63MLTLBbf0ga2CRkMqdPdckDpVYjo1crVTlfLV4Q5jZ3tzuG3nBbnbMoS01OR3W4umqa23vfIx9O1rWwxo57GO4Re47jj1epIWu9vxi56MZrS5jHC+0fgdZLULKicM6InOa9vPo9rmtVqp56kTjyVc9lvU3d+D5zSTrItsiutK+mRflSd0Lkm4/PpbDz/cc1qfV0Wfe0hsNBcauGK24Y2kkmqJpEZDCykpnVznOcvhqJI/hVX6lrP1rtuH4p+EfyyYz3+ro6ve/wBjz/7uO3x+fVwSjR1tHcaSGvt9XDVU1QxJIZoZEfHIxU5RzXJ4VFT6oZ+bxZptYN4WA6J1E0i2ehdQ01TE1ypw6pkSSoen59hI0T/x/M0DoqKjttHBbrfSxU1LSxNhghiYjWRxtThrWonhERERERPsZ77soafQTeLg+r2NxNoYrysFdcmxfAkz2yrDV+nj9pA5vV93Ocq8qpocAAAAAAAAAAAAChusGw/XnOqa4Xyp12flFas81XTWa5SVKQR9TlckUMkkj2t4RelvwNb6eWodTsX3A0FXNPtyyPBbfiN/sDZ/d4qKJ0TKp8TuJ2SsernJUN4VznK5epEd8vT5uSZ5b1r/AHjXfcliW27GKpyU1tnhhqVb5a2rqER8srkT1SKn6V+6ftEL9Yxjdow/HLZitgpG01ttFJFR0sSfuxxtRrefuvCeV+q8qUZ9qosnb0xROe3zeVX7c/zLj/UvLiyRtxm0Ni46EoKdG8fbtt4IJ9oAka7XMm6+OUqrd0/x98i/05PJsQgZV7TsSpa2Fk1PKt0jWORqOa+Na+oRWqi+FReVRUKz53j1+2EbjKLULFqWpqNOsnkfHJTRryiQOciy0i8rx3I14kiVVTlERFVeHnuaNYTkm+HXWv1v1MopI8FsFQ2Git8i8xS9C9UVE36OanKSTO/eV3HCdfw6IsY1jUYxqNa1OERE4RE+x4quspLfSTV9fVRU1NTxulmmmejGRsanLnOcvhEREVVVfQz53Ga+5Zuvy+Dbrt7pJq2ySzotxuCcsZXdtyKr3O/o6WNeHdS+XuRvCfKjrkaCaM2PQfTW3YDZpfeJYlWpuFYrelaureidyVU+ieGtan0a1qcqqcrVm9+z+zjUbX3Is51Iy62QYpe7lVXBW2mokdWvidLzDTqkkSNYqM6UV3xonT4ReeUk/IvZ37b7tYJLZZbJdLHcFjVIrlBc55pGv48OdHK50bk59URreU9FT1IO2cZznGhe4S67Wc1uLqq2VFTU09K1XKsdPVsYszJYufljmjRV6fqr2L4Xq5ZLy72pNOlR8qVtF0c//GjVOP8AEaGGe/tT0j/GtOVT5/dbnz/Drp+P9TQOl7i00Ky/P229XP348nlAAAAAAAAAAABWHb1vAuurWsGQ6SZriVBjNxtbJ20kLKl8kks9PKrJ4lVyIiuROXIiInhj1+hZ4zi0xqaXUP2klwyfB3NntNFX19VPU0/mNYo6J1O+RFTwrXzOREX0XuIv1NGKqpgoqaasqpEjhgjdLI9fRrWpyqr/AHIZ57CaObVfcnn2tl3hdI+lZUVUSu/oaiumd08fbiJkzET7KaIlOfab4ZVXnSXH8ypYXSJjl3WOoVE/5cFSzp61/LuRwt/i9CwG3bOLfqHolhuT0FUyZ0topqeqRrue3VRMSOZi/ZUe13r9OF+pBHtLc4t9m0ZtuEJVM/Eciu0UiQdXxe7QI5738fZJFhT+9fsTdtiwyr0/0BwfFrhC6Grp7UyoqYnJw6Kadzp3sX82ulVF/NCoe4jPL/vF1ytW3TS2rRcXslY6W43FidcUksfLZqpVTwscTXOYzyiPe5eFXqZx59rupWRbWdZLptf1aqu3Za6u/wCE10nwwxVEnHalYq+kM6dPP9V/HPHxqX9rq2jtlFUXK41UVNS0kT555pXI1kUbUVXOcq+ERERVVfyM8dSNU9VN9Go02j+jazWzAaCRH11bJ1RsniR3HvFSqeehVT9nB6qqIqpynwXK0K0AwLQDFUx/EKPu1lQjXXG6TtT3mukT6uX91icr0sTw3n6qquWSys2gG8iTWHVq96TZPg8GKXO2RVHYjdcVqHzzwS9E0PmNnxInU7hE9GO+xZkzmxGop9Z/aSVeVYk9Km02mtdUzVUK9UaxUdE2m7iOT1a+ZrGovoqPT6H0N2KfyQ728D1duDVis9zdb6mpqOPCJC/sVKfmrYe27/EhoNDNDUQsqKeVksUrUex7HI5rmqnKKip4VFT6meu8+WLWXdtgGj1helY63pTUdcka9XZknm7k/PH9SBrHr9k5+xoaAAAAAAAAAAAAVX3G7KpNR8xZq3pDlTcSzZj2TTPc58cFTMxERsySRor4ZeERFc1HI7hOUReXLwN10T9ohn1tfheX6wWWkskzexUzR1EcTpYuOHIrqenbK9FTwrXKiO9F9VLBbbdseG7csfnpbVUPut+uSN/ErvNEjHSo30jjZyvbjRfPTyqqvlVXhESRdQbLdckwLJcdsNRBBc7raKyiopahzmxRzywvZG56tRVRqOciqqIq8c8IvoQlsx22Zbtzx/JaHM7nZa2uvlZBKx9rmlkY2KJjkRHLJHGvPU93hEVOPqWMPkZbilhznGbliGUW9lbartTvpaqB/jqY5PoqeUci8Kip5RURU8oUsotpG6zQa83D9WzVqifYLhKsnule5jZEX0RXwyxSQueicJ3G8KvHoicIfc0z2Uah5RqTT6t7ps5p8muFG9ktPbIJHTRvcxeWNlcrWMZG13K9qNvSqr5XjlFsLuAxrVjM9OK/EtH7tZbVdbv/ADWpr7lUzQ+70rkXudlYopF7jk+HleOlFVUXnjjjtpG2Om26YfVR3iehuGWXmTquVdS9TomxNVe3BE57Wu6ET4lVWoqucvPhrePT3fbV2bisft9bjdVb7bl9mejKSsrFeyGamcvL4ZXMa5yIi/G1UavC9SeEeqp62SaQ7jsw2tT6N37KsVdl8vZt8l3ZXVSw1VuY9rl7j1p0ekrmt7bvhVHJyqry5USvGK7Dd3+Cwz02E612LH4apyPnjteR3SkbK5E4RXJHTojlRFXhVPufqkb9v7Tif50vP+yWA2raTa8aWw5MzW/Uz9L3XJ1GtsX8ZrK/3ZI0m7v/AFLG9HV1x/Lzz0+fRDi9xmyWbUPNE1c0dytmJZn3G1E/W6SOConb8s7ZIkV8MvhOVRrkdwi8IvUruGuuivtEs8tjsKy3V6y0tknZ2ameOojidLEvhzXPp6dJnoqeFRyojvRfVSwm2zbNiO3LGp6C1VLrrfLn0Oud2ljRjpunnpjjZyvbjbyqo3lVVVVVVfCJ9XcFoFie4XCFxPI5X0VXTSLUWy5QsR0lHPxxzwqp1scnhzFVOU48oqIqVhs+gntA9ObQmAYLq9Zpsdib2aWV1QxzoIvREa6aB0sSIno1jlRv7pK+1zZ9BoldqzUPO8hZk2dXJsjX1aK98VKki8yqx8nxySPXnqkciLwqoiJy5XWVAAAAAAAAAAAAAAAAAAAAAAAAAAAAAAAAAAAAAAAAAAAAAAAAAAAAAAAAAAAAAAAAAAAAAAAAAAAAAAAAAAAAAAAAAAAAAAAAAAAAAAAAAAAAAAAAAAAAAAAAAAAAAAAAAAAAAAAAAAAAAAAAAAAAAAAAAAAAAAAAAAAAAAAAAAAAAAAAAAAAAAAAAAAAAAAAAAAAAAAAAAAAAAAAAAAAAAAAAAAAAAAAAAAAAAAAAAAAAAAAAAAAAAAAAAAAAAAAAAAAAAAAAAAAAAAAAAAAAAAAAAAAAAAAAAAAAAAAAAAAAAAAAAAAAAAAAAAAAAAAAAAAAAAAAAAAAAAP/9k=\" data-filename=\"1.jpg\" style=\"width: 370px;\"></p>', '1676106998_5.jpg', 0, '1', 1, 1, '2023-02-16 09:16:38', '2023-02-11 09:18:52'),
(10, 1, 1, 'Where does it come from?09', 'where-does-it-come-from09', 'The standard chunk of Lorem Ipsum used since the 1500s is reproduced below for those interested.', '<h2 style=\"margin-bottom: 10px; line-height: 24px; font-size: 24px; font-family: DauphinPlain;\">What is Lorem Ipsum?</h2><p style=\"margin-bottom: 15px; color: rgb(0, 0, 0); letter-spacing: normal; text-align: justify; font-family: &quot;Open Sans&quot;, Arial, sans-serif; font-size: 14px;\"><span style=\"font-weight: bolder;\">Lorem Ipsum</span>&nbsp;is simply dummy text of the printing and typesetting industry. Lorem Ipsum has been the industry\'s standard dummy text ever since the 1500s, when an unknown printer took a galley of type and scrambled it to make a type specimen book. It has survived not only five centuries, but also the leap into electronic typesetting, remaining essentially unchanged. It was popularised in the 1960s with the release of Letraset sheets containing Lorem Ipsum passages, and more recently with desktop publishing software like Aldus PageMaker including versions of Lorem Ipsum.</p><p style=\"margin-bottom: 15px; color: rgb(0, 0, 0); letter-spacing: normal; text-align: justify; font-family: &quot;Open Sans&quot;, Arial, sans-serif; font-size: 14px;\"><span style=\"font-weight: bolder;\">Lorem Ipsum</span>&nbsp;is simply dummy text of the printing and typesetting industry. Lorem Ipsum has been the industry\'s standard dummy text ever since the 1500s, when an unknown printer took a galley of type and scrambled it to make a type specimen book. It has survived not only five centuries, but also the leap into electronic typesetting, remaining essentially unchanged. It was popularised in the 1960s with the release of Letraset sheets containing Lorem Ipsum passages, and more recently with desktop publishing software like Aldus PageMaker including versions of Lorem Ipsum.</p><p style=\"margin-bottom: 15px; color: rgb(0, 0, 0); letter-spacing: normal; text-align: justify; font-family: &quot;Open Sans&quot;, Arial, sans-serif; font-size: 14px;\"><img src=\"data:image/jpeg;base64,/9j/4AAQSkZJRgABAQEAAQABAAD/2wBDAAMCAgICAgMCAgIDAwMDBAYEBAQEBAgGBgUGCQgKCgkICQkKDA8MCgsOCwkJDRENDg8QEBEQCgwSExIQEw8QEBD/wAALCAD6AXIBAREA/8QAHQABAAMBAAMBAQAAAAAAAAAAAAcICQYDBAUBAv/EAEAQAAEDAwMDAQYCBQoHAQAAAAABAgMEBQYHCBESEyExCRQiMkFRFWEWGCNCcRckQ1JYgYKWwdMlMzRTcnN1k//aAAgBAQAAPwC0AAAAAAAAAAAAAAAAAAAAAAAAAAAAAAAAAAAAAAAAAAAAAAAAAAAAAAAAAAAAAAAAAAAAAAAAAAAAAAAAAAAAAAAAAAAAAAAAAAAAAAAAAAAAAAAAAAAAAAAAAAAAAAAAAAAAAAAAAAAAAAAAAAAAAAAAAAAAAAAAAAAAAAAAAAAAAAAAAAAAAAAAAAAAAAAAAAAAAAAAAAAAAAAAAAAAAAAAAAAAAAAAAAAAAAAAAAAAAAAAAAAAAAAAAAAAAAAAAAAAAAAAAAAAAAAAAAAAAAAAAAAAAAAAAAAAAAAAAAAAAAAAAAAAAAABWzcjvOseit/h07xDG5ctzWo7aLQxPVIqVZOO21/SiufI7lFSNqc8KiqqcpzF1w3f7wcCo25bqZtspIcaYqOnfBS1VNJExf8AuSOklSP7cvYnnwWj0R1vwrXrC48xw2aViMk93raKoREno50RFVj0RVRUVFRUcnhUX7oqJBm4HcJuxwDVC44xpVoemSY5Tw076a4/o1cqzuOfE10id2CVsa8PVycInjjhfJHP62+/b+zGn+S7z/vHN3T2ge6+yZDDiV60kxm33ypdGyG21dhuMNVI6ReI0SJ9Sjl6lVOPHn6GhNwyGgxzGJsnyysgttJQUa1dwmkXiOBrWdT1X18J58eV/iU2qN82tmp9/r6HbVoX+OWu3P6X11xgmnV6fRzkifGyFXfRqvcqonP3ROk0e3z3O46gRaTbgcAdg+Q1MrKenqEbJFAsz/kZLFNy+NHeEa/qc1Vcnonkt0AfjnNY1XvcjWtTlVVeERCm2eb+L3ec2n0+216ZS5xXUznNdXvZLLDL0rw50cMXDliRf6Rz2p+XHCr8Su3t7k9Kqukq9etvUNDZaqRI/eaGKel4Vfo2SR8sbn8eehVaq8L5T1S3+m+o2J6r4db86wq4+92u4sVWKqdMkT0Xh8cjf3XtXlFT+9OUVFWvm8HdZqDoVmGKYXprj1lvFxvtNJPNBX0s9RI5XSpHAyJsMrF5c5JE4+JVXp44+sX/AK2u/f8Asxt/ybef94mDbDrfuY1Nze42TWjSBMTs1Pan1VNWJYK+h7lSk0TWx9dRI5q8sfIvSic/Dz6IpLetmtWG6EYTPmuYzyOZ1pBR0cHCz1lQqKqRsRfHoiqrl8IiKv2Raq0O8XeBmlvfmWnu22lqMXVXPhe+irKqSWNF89EjZI+76ccsjVOUUmfbHu8xncG6qxu4Wh2OZfbo1lqLZJL1snjRel0kLlRFXpXjqY5EVvKeXJyqWBAAAAAAAAAAAAK6aY7QKXBNfb5rtf8ANf0mrLqtXPSwT27suoqieRFV7X9xyO6Y+uNvhvCOJxzO8YtYcUu11zeqo6ewwUki3B9Zx2VgVqo5rkX5upF46frzwiLyUZ9l/Q3db9qHeKKCeLHZI6SBvXz0uqEfI5jUX0VzY3O5+3W37oaAEfa86v2jQ3TC76gXRrJpaViQW+lc7j3qsfykUX3455c7jyjWuX6FXNiGkF4zvILrur1Uc+43e7VUyWV1S3nl6qrZqpE9ERPMUaJ4ajX8J8qp03tL85rMf0ds+HUM7olyi6olTwvHcpqdvccz/wDR0K/4SbdsWn9u010Kw/HqGkZDNNbILhXuRvDpKudiSSucv1VFd0oq/utanoiEE+0v0/tt00stGpMFKxl3x+5xUjqlqcPdSTI5FYqp5XiVI1bz6dT+PmUlPBdwDKHavjeuGSWS931kNqiW7JaYopqhHxOWGeoVskjEVqPjc53CqqIqrxwiqnUaE7hNP9wtgrb9gzq+BbbUJTVdFcY446mFVTlj1ax729Dk56VR3lWuT1RT+ddtxGnm3myUN5zl9fUSXOdYKSht0cclVN0py96Ne9jehvLeVVyeXNTyqnr3i6X/AF/293Sq0/oK7F63MLTLBbf0ga2CRkMqdPdckDpVYjo1crVTlfLV4Q5jZ3tzuG3nBbnbMoS01OR3W4umqa23vfIx9O1rWwxo57GO4Re47jj1epIWu9vxi56MZrS5jHC+0fgdZLULKicM6InOa9vPo9rmtVqp56kTjyVc9lvU3d+D5zSTrItsiutK+mRflSd0Lkm4/PpbDz/cc1qfV0Wfe0hsNBcauGK24Y2kkmqJpEZDCykpnVznOcvhqJI/hVX6lrP1rtuH4p+EfyyYz3+ro6ve/wBjz/7uO3x+fVwSjR1tHcaSGvt9XDVU1QxJIZoZEfHIxU5RzXJ4VFT6oZ+bxZptYN4WA6J1E0i2ehdQ01TE1ypw6pkSSoen59hI0T/x/M0DoqKjttHBbrfSxU1LSxNhghiYjWRxtThrWonhERERERPsZ77soafQTeLg+r2NxNoYrysFdcmxfAkz2yrDV+nj9pA5vV93Ocq8qpocAAAAAAAAAAAAChusGw/XnOqa4Xyp12flFas81XTWa5SVKQR9TlckUMkkj2t4RelvwNb6eWodTsX3A0FXNPtyyPBbfiN/sDZ/d4qKJ0TKp8TuJ2SsernJUN4VznK5epEd8vT5uSZ5b1r/AHjXfcliW27GKpyU1tnhhqVb5a2rqER8srkT1SKn6V+6ftEL9Yxjdow/HLZitgpG01ttFJFR0sSfuxxtRrefuvCeV+q8qUZ9qosnb0xROe3zeVX7c/zLj/UvLiyRtxm0Ni46EoKdG8fbtt4IJ9oAka7XMm6+OUqrd0/x98i/05PJsQgZV7TsSpa2Fk1PKt0jWORqOa+Na+oRWqi+FReVRUKz53j1+2EbjKLULFqWpqNOsnkfHJTRryiQOciy0i8rx3I14kiVVTlERFVeHnuaNYTkm+HXWv1v1MopI8FsFQ2Git8i8xS9C9UVE36OanKSTO/eV3HCdfw6IsY1jUYxqNa1OERE4RE+x4quspLfSTV9fVRU1NTxulmmmejGRsanLnOcvhEREVVVfQz53Ga+5Zuvy+Dbrt7pJq2ySzotxuCcsZXdtyKr3O/o6WNeHdS+XuRvCfKjrkaCaM2PQfTW3YDZpfeJYlWpuFYrelaureidyVU+ieGtan0a1qcqqcrVm9+z+zjUbX3Is51Iy62QYpe7lVXBW2mokdWvidLzDTqkkSNYqM6UV3xonT4ReeUk/IvZ37b7tYJLZZbJdLHcFjVIrlBc55pGv48OdHK50bk59URreU9FT1IO2cZznGhe4S67Wc1uLqq2VFTU09K1XKsdPVsYszJYufljmjRV6fqr2L4Xq5ZLy72pNOlR8qVtF0c//GjVOP8AEaGGe/tT0j/GtOVT5/dbnz/Drp+P9TQOl7i00Ky/P229XP348nlAAAAAAAAAAABWHb1vAuurWsGQ6SZriVBjNxtbJ20kLKl8kks9PKrJ4lVyIiuROXIiInhj1+hZ4zi0xqaXUP2klwyfB3NntNFX19VPU0/mNYo6J1O+RFTwrXzOREX0XuIv1NGKqpgoqaasqpEjhgjdLI9fRrWpyqr/AHIZ57CaObVfcnn2tl3hdI+lZUVUSu/oaiumd08fbiJkzET7KaIlOfab4ZVXnSXH8ypYXSJjl3WOoVE/5cFSzp61/LuRwt/i9CwG3bOLfqHolhuT0FUyZ0topqeqRrue3VRMSOZi/ZUe13r9OF+pBHtLc4t9m0ZtuEJVM/Eciu0UiQdXxe7QI5738fZJFhT+9fsTdtiwyr0/0BwfFrhC6Grp7UyoqYnJw6Kadzp3sX82ulVF/NCoe4jPL/vF1ytW3TS2rRcXslY6W43FidcUksfLZqpVTwscTXOYzyiPe5eFXqZx59rupWRbWdZLptf1aqu3Za6u/wCE10nwwxVEnHalYq+kM6dPP9V/HPHxqX9rq2jtlFUXK41UVNS0kT555pXI1kUbUVXOcq+ERERVVfyM8dSNU9VN9Go02j+jazWzAaCRH11bJ1RsniR3HvFSqeehVT9nB6qqIqpynwXK0K0AwLQDFUx/EKPu1lQjXXG6TtT3mukT6uX91icr0sTw3n6qquWSys2gG8iTWHVq96TZPg8GKXO2RVHYjdcVqHzzwS9E0PmNnxInU7hE9GO+xZkzmxGop9Z/aSVeVYk9Km02mtdUzVUK9UaxUdE2m7iOT1a+ZrGovoqPT6H0N2KfyQ728D1duDVis9zdb6mpqOPCJC/sVKfmrYe27/EhoNDNDUQsqKeVksUrUex7HI5rmqnKKip4VFT6meu8+WLWXdtgGj1helY63pTUdcka9XZknm7k/PH9SBrHr9k5+xoaAAAAAAAAAAAAVX3G7KpNR8xZq3pDlTcSzZj2TTPc58cFTMxERsySRor4ZeERFc1HI7hOUReXLwN10T9ohn1tfheX6wWWkskzexUzR1EcTpYuOHIrqenbK9FTwrXKiO9F9VLBbbdseG7csfnpbVUPut+uSN/ErvNEjHSo30jjZyvbjRfPTyqqvlVXhESRdQbLdckwLJcdsNRBBc7raKyiopahzmxRzywvZG56tRVRqOciqqIq8c8IvoQlsx22Zbtzx/JaHM7nZa2uvlZBKx9rmlkY2KJjkRHLJHGvPU93hEVOPqWMPkZbilhznGbliGUW9lbartTvpaqB/jqY5PoqeUci8Kip5RURU8oUsotpG6zQa83D9WzVqifYLhKsnule5jZEX0RXwyxSQueicJ3G8KvHoicIfc0z2Uah5RqTT6t7ps5p8muFG9ktPbIJHTRvcxeWNlcrWMZG13K9qNvSqr5XjlFsLuAxrVjM9OK/EtH7tZbVdbv/ADWpr7lUzQ+70rkXudlYopF7jk+HleOlFVUXnjjjtpG2Om26YfVR3iehuGWXmTquVdS9TomxNVe3BE57Wu6ET4lVWoqucvPhrePT3fbV2bisft9bjdVb7bl9mejKSsrFeyGamcvL4ZXMa5yIi/G1UavC9SeEeqp62SaQ7jsw2tT6N37KsVdl8vZt8l3ZXVSw1VuY9rl7j1p0ekrmt7bvhVHJyqry5USvGK7Dd3+Cwz02E612LH4apyPnjteR3SkbK5E4RXJHTojlRFXhVPufqkb9v7Tif50vP+yWA2raTa8aWw5MzW/Uz9L3XJ1GtsX8ZrK/3ZI0m7v/AFLG9HV1x/Lzz0+fRDi9xmyWbUPNE1c0dytmJZn3G1E/W6SOConb8s7ZIkV8MvhOVRrkdwi8IvUruGuuivtEs8tjsKy3V6y0tknZ2ameOojidLEvhzXPp6dJnoqeFRyojvRfVSwm2zbNiO3LGp6C1VLrrfLn0Oud2ljRjpunnpjjZyvbjbyqo3lVVVVVVfCJ9XcFoFie4XCFxPI5X0VXTSLUWy5QsR0lHPxxzwqp1scnhzFVOU48oqIqVhs+gntA9ObQmAYLq9Zpsdib2aWV1QxzoIvREa6aB0sSIno1jlRv7pK+1zZ9BoldqzUPO8hZk2dXJsjX1aK98VKki8yqx8nxySPXnqkciLwqoiJy5XWVAAAAAAAAAAAAAAAAAAAAAAAAAAAAAAAAAAAAAAAAAAAAAAAAAAAAAAAAAAAAAAAAAAAAAAAAAAAAAAAAAAAAAAAAAAAAAAAAAAAAAAAAAAAAAAAAAAAAAAAAAAAAAAAAAAAAAAAAAAAAAAAAAAAAAAAAAAAAAAAAAAAAAAAAAAAAAAAAAAAAAAAAAAAAAAAAAAAAAAAAAAAAAAAAAAAAAAAAAAAAAAAAAAAAAAAAAAAAAAAAAAAAAAAAAAAAAAAAAAAAAAAAAAAAAAAAAAAAAAAAAAAAAAAAAAAAAAAAAAAAAAAAAAAAAAAAAAAAAAAAAAAAAAAAAAAAAAAP/9k=\" data-filename=\"1.jpg\" style=\"width: 370px;\"></p>', '1676106998_5.jpg', 0, '1', 1, 1, '2023-02-17 09:16:38', '2023-02-11 09:18:52'),
(11, 1, 1, 'Where does it come from?010', 'where-does-it-come-from010', 'The standard chunk of Lorem Ipsum used since the 1500s is reproduced below for those interested.', '<h2 style=\"margin-bottom: 10px; line-height: 24px; font-size: 24px; font-family: DauphinPlain;\">What is Lorem Ipsum?</h2><p style=\"margin-bottom: 15px; color: rgb(0, 0, 0); letter-spacing: normal; text-align: justify; font-family: &quot;Open Sans&quot;, Arial, sans-serif; font-size: 14px;\"><span style=\"font-weight: bolder;\">Lorem Ipsum</span>&nbsp;is simply dummy text of the printing and typesetting industry. Lorem Ipsum has been the industry\'s standard dummy text ever since the 1500s, when an unknown printer took a galley of type and scrambled it to make a type specimen book. It has survived not only five centuries, but also the leap into electronic typesetting, remaining essentially unchanged. It was popularised in the 1960s with the release of Letraset sheets containing Lorem Ipsum passages, and more recently with desktop publishing software like Aldus PageMaker including versions of Lorem Ipsum.</p><p style=\"margin-bottom: 15px; color: rgb(0, 0, 0); letter-spacing: normal; text-align: justify; font-family: &quot;Open Sans&quot;, Arial, sans-serif; font-size: 14px;\"><span style=\"font-weight: bolder;\">Lorem Ipsum</span>&nbsp;is simply dummy text of the printing and typesetting industry. Lorem Ipsum has been the industry\'s standard dummy text ever since the 1500s, when an unknown printer took a galley of type and scrambled it to make a type specimen book. It has survived not only five centuries, but also the leap into electronic typesetting, remaining essentially unchanged. It was popularised in the 1960s with the release of Letraset sheets containing Lorem Ipsum passages, and more recently with desktop publishing software like Aldus PageMaker including versions of Lorem Ipsum.</p><p style=\"margin-bottom: 15px; color: rgb(0, 0, 0); letter-spacing: normal; text-align: justify; font-family: &quot;Open Sans&quot;, Arial, sans-serif; font-size: 14px;\"><img src=\"data:image/jpeg;base64,/9j/4AAQSkZJRgABAQEAAQABAAD/2wBDAAMCAgICAgMCAgIDAwMDBAYEBAQEBAgGBgUGCQgKCgkICQkKDA8MCgsOCwkJDRENDg8QEBEQCgwSExIQEw8QEBD/wAALCAD6AXIBAREA/8QAHQABAAMBAAMBAQAAAAAAAAAAAAcICQYDBAUBAv/EAEAQAAEDAwMDAQYCBQoHAQAAAAABAgMEBQYHCBESEyExCRQiMkFRFWEWGCNCcRckQ1JYgYKWwdMlMzRTcnN1k//aAAgBAQAAPwC0AAAAAAAAAAAAAAAAAAAAAAAAAAAAAAAAAAAAAAAAAAAAAAAAAAAAAAAAAAAAAAAAAAAAAAAAAAAAAAAAAAAAAAAAAAAAAAAAAAAAAAAAAAAAAAAAAAAAAAAAAAAAAAAAAAAAAAAAAAAAAAAAAAAAAAAAAAAAAAAAAAAAAAAAAAAAAAAAAAAAAAAAAAAAAAAAAAAAAAAAAAAAAAAAAAAAAAAAAAAAAAAAAAAAAAAAAAAAAAAAAAAAAAAAAAAAAAAAAAAAAAAAAAAAAAAAAAAAAAAAAAAAAAAAAAAAAAAAAAAAAAAAAAAAAAABWzcjvOseit/h07xDG5ctzWo7aLQxPVIqVZOO21/SiufI7lFSNqc8KiqqcpzF1w3f7wcCo25bqZtspIcaYqOnfBS1VNJExf8AuSOklSP7cvYnnwWj0R1vwrXrC48xw2aViMk93raKoREno50RFVj0RVRUVFRUcnhUX7oqJBm4HcJuxwDVC44xpVoemSY5Tw076a4/o1cqzuOfE10id2CVsa8PVycInjjhfJHP62+/b+zGn+S7z/vHN3T2ge6+yZDDiV60kxm33ypdGyG21dhuMNVI6ReI0SJ9Sjl6lVOPHn6GhNwyGgxzGJsnyysgttJQUa1dwmkXiOBrWdT1X18J58eV/iU2qN82tmp9/r6HbVoX+OWu3P6X11xgmnV6fRzkifGyFXfRqvcqonP3ROk0e3z3O46gRaTbgcAdg+Q1MrKenqEbJFAsz/kZLFNy+NHeEa/qc1Vcnonkt0AfjnNY1XvcjWtTlVVeERCm2eb+L3ec2n0+216ZS5xXUznNdXvZLLDL0rw50cMXDliRf6Rz2p+XHCr8Su3t7k9Kqukq9etvUNDZaqRI/eaGKel4Vfo2SR8sbn8eehVaq8L5T1S3+m+o2J6r4db86wq4+92u4sVWKqdMkT0Xh8cjf3XtXlFT+9OUVFWvm8HdZqDoVmGKYXprj1lvFxvtNJPNBX0s9RI5XSpHAyJsMrF5c5JE4+JVXp44+sX/AK2u/f8Asxt/ybef94mDbDrfuY1Nze42TWjSBMTs1Pan1VNWJYK+h7lSk0TWx9dRI5q8sfIvSic/Dz6IpLetmtWG6EYTPmuYzyOZ1pBR0cHCz1lQqKqRsRfHoiqrl8IiKv2Raq0O8XeBmlvfmWnu22lqMXVXPhe+irKqSWNF89EjZI+76ccsjVOUUmfbHu8xncG6qxu4Wh2OZfbo1lqLZJL1snjRel0kLlRFXpXjqY5EVvKeXJyqWBAAAAAAAAAAAAK6aY7QKXBNfb5rtf8ANf0mrLqtXPSwT27suoqieRFV7X9xyO6Y+uNvhvCOJxzO8YtYcUu11zeqo6ewwUki3B9Zx2VgVqo5rkX5upF46frzwiLyUZ9l/Q3db9qHeKKCeLHZI6SBvXz0uqEfI5jUX0VzY3O5+3W37oaAEfa86v2jQ3TC76gXRrJpaViQW+lc7j3qsfykUX3455c7jyjWuX6FXNiGkF4zvILrur1Uc+43e7VUyWV1S3nl6qrZqpE9ERPMUaJ4ajX8J8qp03tL85rMf0ds+HUM7olyi6olTwvHcpqdvccz/wDR0K/4SbdsWn9u010Kw/HqGkZDNNbILhXuRvDpKudiSSucv1VFd0oq/utanoiEE+0v0/tt00stGpMFKxl3x+5xUjqlqcPdSTI5FYqp5XiVI1bz6dT+PmUlPBdwDKHavjeuGSWS931kNqiW7JaYopqhHxOWGeoVskjEVqPjc53CqqIqrxwiqnUaE7hNP9wtgrb9gzq+BbbUJTVdFcY446mFVTlj1ax729Dk56VR3lWuT1RT+ddtxGnm3myUN5zl9fUSXOdYKSht0cclVN0py96Ne9jehvLeVVyeXNTyqnr3i6X/AF/293Sq0/oK7F63MLTLBbf0ga2CRkMqdPdckDpVYjo1crVTlfLV4Q5jZ3tzuG3nBbnbMoS01OR3W4umqa23vfIx9O1rWwxo57GO4Re47jj1epIWu9vxi56MZrS5jHC+0fgdZLULKicM6InOa9vPo9rmtVqp56kTjyVc9lvU3d+D5zSTrItsiutK+mRflSd0Lkm4/PpbDz/cc1qfV0Wfe0hsNBcauGK24Y2kkmqJpEZDCykpnVznOcvhqJI/hVX6lrP1rtuH4p+EfyyYz3+ro6ve/wBjz/7uO3x+fVwSjR1tHcaSGvt9XDVU1QxJIZoZEfHIxU5RzXJ4VFT6oZ+bxZptYN4WA6J1E0i2ehdQ01TE1ypw6pkSSoen59hI0T/x/M0DoqKjttHBbrfSxU1LSxNhghiYjWRxtThrWonhERERERPsZ77soafQTeLg+r2NxNoYrysFdcmxfAkz2yrDV+nj9pA5vV93Ocq8qpocAAAAAAAAAAAAChusGw/XnOqa4Xyp12flFas81XTWa5SVKQR9TlckUMkkj2t4RelvwNb6eWodTsX3A0FXNPtyyPBbfiN/sDZ/d4qKJ0TKp8TuJ2SsernJUN4VznK5epEd8vT5uSZ5b1r/AHjXfcliW27GKpyU1tnhhqVb5a2rqER8srkT1SKn6V+6ftEL9Yxjdow/HLZitgpG01ttFJFR0sSfuxxtRrefuvCeV+q8qUZ9qosnb0xROe3zeVX7c/zLj/UvLiyRtxm0Ni46EoKdG8fbtt4IJ9oAka7XMm6+OUqrd0/x98i/05PJsQgZV7TsSpa2Fk1PKt0jWORqOa+Na+oRWqi+FReVRUKz53j1+2EbjKLULFqWpqNOsnkfHJTRryiQOciy0i8rx3I14kiVVTlERFVeHnuaNYTkm+HXWv1v1MopI8FsFQ2Git8i8xS9C9UVE36OanKSTO/eV3HCdfw6IsY1jUYxqNa1OERE4RE+x4quspLfSTV9fVRU1NTxulmmmejGRsanLnOcvhEREVVVfQz53Ga+5Zuvy+Dbrt7pJq2ySzotxuCcsZXdtyKr3O/o6WNeHdS+XuRvCfKjrkaCaM2PQfTW3YDZpfeJYlWpuFYrelaureidyVU+ieGtan0a1qcqqcrVm9+z+zjUbX3Is51Iy62QYpe7lVXBW2mokdWvidLzDTqkkSNYqM6UV3xonT4ReeUk/IvZ37b7tYJLZZbJdLHcFjVIrlBc55pGv48OdHK50bk59URreU9FT1IO2cZznGhe4S67Wc1uLqq2VFTU09K1XKsdPVsYszJYufljmjRV6fqr2L4Xq5ZLy72pNOlR8qVtF0c//GjVOP8AEaGGe/tT0j/GtOVT5/dbnz/Drp+P9TQOl7i00Ky/P229XP348nlAAAAAAAAAAABWHb1vAuurWsGQ6SZriVBjNxtbJ20kLKl8kks9PKrJ4lVyIiuROXIiInhj1+hZ4zi0xqaXUP2klwyfB3NntNFX19VPU0/mNYo6J1O+RFTwrXzOREX0XuIv1NGKqpgoqaasqpEjhgjdLI9fRrWpyqr/AHIZ57CaObVfcnn2tl3hdI+lZUVUSu/oaiumd08fbiJkzET7KaIlOfab4ZVXnSXH8ypYXSJjl3WOoVE/5cFSzp61/LuRwt/i9CwG3bOLfqHolhuT0FUyZ0topqeqRrue3VRMSOZi/ZUe13r9OF+pBHtLc4t9m0ZtuEJVM/Eciu0UiQdXxe7QI5738fZJFhT+9fsTdtiwyr0/0BwfFrhC6Grp7UyoqYnJw6Kadzp3sX82ulVF/NCoe4jPL/vF1ytW3TS2rRcXslY6W43FidcUksfLZqpVTwscTXOYzyiPe5eFXqZx59rupWRbWdZLptf1aqu3Za6u/wCE10nwwxVEnHalYq+kM6dPP9V/HPHxqX9rq2jtlFUXK41UVNS0kT555pXI1kUbUVXOcq+ERERVVfyM8dSNU9VN9Go02j+jazWzAaCRH11bJ1RsniR3HvFSqeehVT9nB6qqIqpynwXK0K0AwLQDFUx/EKPu1lQjXXG6TtT3mukT6uX91icr0sTw3n6qquWSys2gG8iTWHVq96TZPg8GKXO2RVHYjdcVqHzzwS9E0PmNnxInU7hE9GO+xZkzmxGop9Z/aSVeVYk9Km02mtdUzVUK9UaxUdE2m7iOT1a+ZrGovoqPT6H0N2KfyQ728D1duDVis9zdb6mpqOPCJC/sVKfmrYe27/EhoNDNDUQsqKeVksUrUex7HI5rmqnKKip4VFT6meu8+WLWXdtgGj1helY63pTUdcka9XZknm7k/PH9SBrHr9k5+xoaAAAAAAAAAAAAVX3G7KpNR8xZq3pDlTcSzZj2TTPc58cFTMxERsySRor4ZeERFc1HI7hOUReXLwN10T9ohn1tfheX6wWWkskzexUzR1EcTpYuOHIrqenbK9FTwrXKiO9F9VLBbbdseG7csfnpbVUPut+uSN/ErvNEjHSo30jjZyvbjRfPTyqqvlVXhESRdQbLdckwLJcdsNRBBc7raKyiopahzmxRzywvZG56tRVRqOciqqIq8c8IvoQlsx22Zbtzx/JaHM7nZa2uvlZBKx9rmlkY2KJjkRHLJHGvPU93hEVOPqWMPkZbilhznGbliGUW9lbartTvpaqB/jqY5PoqeUci8Kip5RURU8oUsotpG6zQa83D9WzVqifYLhKsnule5jZEX0RXwyxSQueicJ3G8KvHoicIfc0z2Uah5RqTT6t7ps5p8muFG9ktPbIJHTRvcxeWNlcrWMZG13K9qNvSqr5XjlFsLuAxrVjM9OK/EtH7tZbVdbv/ADWpr7lUzQ+70rkXudlYopF7jk+HleOlFVUXnjjjtpG2Om26YfVR3iehuGWXmTquVdS9TomxNVe3BE57Wu6ET4lVWoqucvPhrePT3fbV2bisft9bjdVb7bl9mejKSsrFeyGamcvL4ZXMa5yIi/G1UavC9SeEeqp62SaQ7jsw2tT6N37KsVdl8vZt8l3ZXVSw1VuY9rl7j1p0ekrmt7bvhVHJyqry5USvGK7Dd3+Cwz02E612LH4apyPnjteR3SkbK5E4RXJHTojlRFXhVPufqkb9v7Tif50vP+yWA2raTa8aWw5MzW/Uz9L3XJ1GtsX8ZrK/3ZI0m7v/AFLG9HV1x/Lzz0+fRDi9xmyWbUPNE1c0dytmJZn3G1E/W6SOConb8s7ZIkV8MvhOVRrkdwi8IvUruGuuivtEs8tjsKy3V6y0tknZ2ameOojidLEvhzXPp6dJnoqeFRyojvRfVSwm2zbNiO3LGp6C1VLrrfLn0Oud2ljRjpunnpjjZyvbjbyqo3lVVVVVVfCJ9XcFoFie4XCFxPI5X0VXTSLUWy5QsR0lHPxxzwqp1scnhzFVOU48oqIqVhs+gntA9ObQmAYLq9Zpsdib2aWV1QxzoIvREa6aB0sSIno1jlRv7pK+1zZ9BoldqzUPO8hZk2dXJsjX1aK98VKki8yqx8nxySPXnqkciLwqoiJy5XWVAAAAAAAAAAAAAAAAAAAAAAAAAAAAAAAAAAAAAAAAAAAAAAAAAAAAAAAAAAAAAAAAAAAAAAAAAAAAAAAAAAAAAAAAAAAAAAAAAAAAAAAAAAAAAAAAAAAAAAAAAAAAAAAAAAAAAAAAAAAAAAAAAAAAAAAAAAAAAAAAAAAAAAAAAAAAAAAAAAAAAAAAAAAAAAAAAAAAAAAAAAAAAAAAAAAAAAAAAAAAAAAAAAAAAAAAAAAAAAAAAAAAAAAAAAAAAAAAAAAAAAAAAAAAAAAAAAAAAAAAAAAAAAAAAAAAAAAAAAAAAAAAAAAAAAAAAAAAAAAAAAAAAAAAAAAAAAAP/9k=\" data-filename=\"1.jpg\" style=\"width: 370px;\"></p>', '1676106998_5.jpg', 0, '1', 1, 1, '2023-02-17 09:16:38', '2023-02-11 09:18:52'),
(12, 1, 1, 'Where does it come from?011', 'where-does-it-come-from011', 'The standard chunk of Lorem Ipsum used since the 1500s is reproduced below for those interested.', '<h2 style=\"margin-bottom: 10px; line-height: 24px; font-size: 24px; font-family: DauphinPlain;\">What is Lorem Ipsum?</h2><p style=\"margin-bottom: 15px; color: rgb(0, 0, 0); letter-spacing: normal; text-align: justify; font-family: &quot;Open Sans&quot;, Arial, sans-serif; font-size: 14px;\"><span style=\"font-weight: bolder;\">Lorem Ipsum</span>&nbsp;is simply dummy text of the printing and typesetting industry. Lorem Ipsum has been the industry\'s standard dummy text ever since the 1500s, when an unknown printer took a galley of type and scrambled it to make a type specimen book. It has survived not only five centuries, but also the leap into electronic typesetting, remaining essentially unchanged. It was popularised in the 1960s with the release of Letraset sheets containing Lorem Ipsum passages, and more recently with desktop publishing software like Aldus PageMaker including versions of Lorem Ipsum.</p><p style=\"margin-bottom: 15px; color: rgb(0, 0, 0); letter-spacing: normal; text-align: justify; font-family: &quot;Open Sans&quot;, Arial, sans-serif; font-size: 14px;\"><span style=\"font-weight: bolder;\">Lorem Ipsum</span>&nbsp;is simply dummy text of the printing and typesetting industry. Lorem Ipsum has been the industry\'s standard dummy text ever since the 1500s, when an unknown printer took a galley of type and scrambled it to make a type specimen book. It has survived not only five centuries, but also the leap into electronic typesetting, remaining essentially unchanged. It was popularised in the 1960s with the release of Letraset sheets containing Lorem Ipsum passages, and more recently with desktop publishing software like Aldus PageMaker including versions of Lorem Ipsum.</p><p style=\"margin-bottom: 15px; color: rgb(0, 0, 0); letter-spacing: normal; text-align: justify; font-family: &quot;Open Sans&quot;, Arial, sans-serif; font-size: 14px;\"><img src=\"data:image/jpeg;base64,/9j/4AAQSkZJRgABAQEAAQABAAD/2wBDAAMCAgICAgMCAgIDAwMDBAYEBAQEBAgGBgUGCQgKCgkICQkKDA8MCgsOCwkJDRENDg8QEBEQCgwSExIQEw8QEBD/wAALCAD6AXIBAREA/8QAHQABAAMBAAMBAQAAAAAAAAAAAAcICQYDBAUBAv/EAEAQAAEDAwMDAQYCBQoHAQAAAAABAgMEBQYHCBESEyExCRQiMkFRFWEWGCNCcRckQ1JYgYKWwdMlMzRTcnN1k//aAAgBAQAAPwC0AAAAAAAAAAAAAAAAAAAAAAAAAAAAAAAAAAAAAAAAAAAAAAAAAAAAAAAAAAAAAAAAAAAAAAAAAAAAAAAAAAAAAAAAAAAAAAAAAAAAAAAAAAAAAAAAAAAAAAAAAAAAAAAAAAAAAAAAAAAAAAAAAAAAAAAAAAAAAAAAAAAAAAAAAAAAAAAAAAAAAAAAAAAAAAAAAAAAAAAAAAAAAAAAAAAAAAAAAAAAAAAAAAAAAAAAAAAAAAAAAAAAAAAAAAAAAAAAAAAAAAAAAAAAAAAAAAAAAAAAAAAAAAAAAAAAAAAAAAAAAAAAAAAAAAABWzcjvOseit/h07xDG5ctzWo7aLQxPVIqVZOO21/SiufI7lFSNqc8KiqqcpzF1w3f7wcCo25bqZtspIcaYqOnfBS1VNJExf8AuSOklSP7cvYnnwWj0R1vwrXrC48xw2aViMk93raKoREno50RFVj0RVRUVFRUcnhUX7oqJBm4HcJuxwDVC44xpVoemSY5Tw076a4/o1cqzuOfE10id2CVsa8PVycInjjhfJHP62+/b+zGn+S7z/vHN3T2ge6+yZDDiV60kxm33ypdGyG21dhuMNVI6ReI0SJ9Sjl6lVOPHn6GhNwyGgxzGJsnyysgttJQUa1dwmkXiOBrWdT1X18J58eV/iU2qN82tmp9/r6HbVoX+OWu3P6X11xgmnV6fRzkifGyFXfRqvcqonP3ROk0e3z3O46gRaTbgcAdg+Q1MrKenqEbJFAsz/kZLFNy+NHeEa/qc1Vcnonkt0AfjnNY1XvcjWtTlVVeERCm2eb+L3ec2n0+216ZS5xXUznNdXvZLLDL0rw50cMXDliRf6Rz2p+XHCr8Su3t7k9Kqukq9etvUNDZaqRI/eaGKel4Vfo2SR8sbn8eehVaq8L5T1S3+m+o2J6r4db86wq4+92u4sVWKqdMkT0Xh8cjf3XtXlFT+9OUVFWvm8HdZqDoVmGKYXprj1lvFxvtNJPNBX0s9RI5XSpHAyJsMrF5c5JE4+JVXp44+sX/AK2u/f8Asxt/ybef94mDbDrfuY1Nze42TWjSBMTs1Pan1VNWJYK+h7lSk0TWx9dRI5q8sfIvSic/Dz6IpLetmtWG6EYTPmuYzyOZ1pBR0cHCz1lQqKqRsRfHoiqrl8IiKv2Raq0O8XeBmlvfmWnu22lqMXVXPhe+irKqSWNF89EjZI+76ccsjVOUUmfbHu8xncG6qxu4Wh2OZfbo1lqLZJL1snjRel0kLlRFXpXjqY5EVvKeXJyqWBAAAAAAAAAAAAK6aY7QKXBNfb5rtf8ANf0mrLqtXPSwT27suoqieRFV7X9xyO6Y+uNvhvCOJxzO8YtYcUu11zeqo6ewwUki3B9Zx2VgVqo5rkX5upF46frzwiLyUZ9l/Q3db9qHeKKCeLHZI6SBvXz0uqEfI5jUX0VzY3O5+3W37oaAEfa86v2jQ3TC76gXRrJpaViQW+lc7j3qsfykUX3455c7jyjWuX6FXNiGkF4zvILrur1Uc+43e7VUyWV1S3nl6qrZqpE9ERPMUaJ4ajX8J8qp03tL85rMf0ds+HUM7olyi6olTwvHcpqdvccz/wDR0K/4SbdsWn9u010Kw/HqGkZDNNbILhXuRvDpKudiSSucv1VFd0oq/utanoiEE+0v0/tt00stGpMFKxl3x+5xUjqlqcPdSTI5FYqp5XiVI1bz6dT+PmUlPBdwDKHavjeuGSWS931kNqiW7JaYopqhHxOWGeoVskjEVqPjc53CqqIqrxwiqnUaE7hNP9wtgrb9gzq+BbbUJTVdFcY446mFVTlj1ax729Dk56VR3lWuT1RT+ddtxGnm3myUN5zl9fUSXOdYKSht0cclVN0py96Ne9jehvLeVVyeXNTyqnr3i6X/AF/293Sq0/oK7F63MLTLBbf0ga2CRkMqdPdckDpVYjo1crVTlfLV4Q5jZ3tzuG3nBbnbMoS01OR3W4umqa23vfIx9O1rWwxo57GO4Re47jj1epIWu9vxi56MZrS5jHC+0fgdZLULKicM6InOa9vPo9rmtVqp56kTjyVc9lvU3d+D5zSTrItsiutK+mRflSd0Lkm4/PpbDz/cc1qfV0Wfe0hsNBcauGK24Y2kkmqJpEZDCykpnVznOcvhqJI/hVX6lrP1rtuH4p+EfyyYz3+ro6ve/wBjz/7uO3x+fVwSjR1tHcaSGvt9XDVU1QxJIZoZEfHIxU5RzXJ4VFT6oZ+bxZptYN4WA6J1E0i2ehdQ01TE1ypw6pkSSoen59hI0T/x/M0DoqKjttHBbrfSxU1LSxNhghiYjWRxtThrWonhERERERPsZ77soafQTeLg+r2NxNoYrysFdcmxfAkz2yrDV+nj9pA5vV93Ocq8qpocAAAAAAAAAAAAChusGw/XnOqa4Xyp12flFas81XTWa5SVKQR9TlckUMkkj2t4RelvwNb6eWodTsX3A0FXNPtyyPBbfiN/sDZ/d4qKJ0TKp8TuJ2SsernJUN4VznK5epEd8vT5uSZ5b1r/AHjXfcliW27GKpyU1tnhhqVb5a2rqER8srkT1SKn6V+6ftEL9Yxjdow/HLZitgpG01ttFJFR0sSfuxxtRrefuvCeV+q8qUZ9qosnb0xROe3zeVX7c/zLj/UvLiyRtxm0Ni46EoKdG8fbtt4IJ9oAka7XMm6+OUqrd0/x98i/05PJsQgZV7TsSpa2Fk1PKt0jWORqOa+Na+oRWqi+FReVRUKz53j1+2EbjKLULFqWpqNOsnkfHJTRryiQOciy0i8rx3I14kiVVTlERFVeHnuaNYTkm+HXWv1v1MopI8FsFQ2Git8i8xS9C9UVE36OanKSTO/eV3HCdfw6IsY1jUYxqNa1OERE4RE+x4quspLfSTV9fVRU1NTxulmmmejGRsanLnOcvhEREVVVfQz53Ga+5Zuvy+Dbrt7pJq2ySzotxuCcsZXdtyKr3O/o6WNeHdS+XuRvCfKjrkaCaM2PQfTW3YDZpfeJYlWpuFYrelaureidyVU+ieGtan0a1qcqqcrVm9+z+zjUbX3Is51Iy62QYpe7lVXBW2mokdWvidLzDTqkkSNYqM6UV3xonT4ReeUk/IvZ37b7tYJLZZbJdLHcFjVIrlBc55pGv48OdHK50bk59URreU9FT1IO2cZznGhe4S67Wc1uLqq2VFTU09K1XKsdPVsYszJYufljmjRV6fqr2L4Xq5ZLy72pNOlR8qVtF0c//GjVOP8AEaGGe/tT0j/GtOVT5/dbnz/Drp+P9TQOl7i00Ky/P229XP348nlAAAAAAAAAAABWHb1vAuurWsGQ6SZriVBjNxtbJ20kLKl8kks9PKrJ4lVyIiuROXIiInhj1+hZ4zi0xqaXUP2klwyfB3NntNFX19VPU0/mNYo6J1O+RFTwrXzOREX0XuIv1NGKqpgoqaasqpEjhgjdLI9fRrWpyqr/AHIZ57CaObVfcnn2tl3hdI+lZUVUSu/oaiumd08fbiJkzET7KaIlOfab4ZVXnSXH8ypYXSJjl3WOoVE/5cFSzp61/LuRwt/i9CwG3bOLfqHolhuT0FUyZ0topqeqRrue3VRMSOZi/ZUe13r9OF+pBHtLc4t9m0ZtuEJVM/Eciu0UiQdXxe7QI5738fZJFhT+9fsTdtiwyr0/0BwfFrhC6Grp7UyoqYnJw6Kadzp3sX82ulVF/NCoe4jPL/vF1ytW3TS2rRcXslY6W43FidcUksfLZqpVTwscTXOYzyiPe5eFXqZx59rupWRbWdZLptf1aqu3Za6u/wCE10nwwxVEnHalYq+kM6dPP9V/HPHxqX9rq2jtlFUXK41UVNS0kT555pXI1kUbUVXOcq+ERERVVfyM8dSNU9VN9Go02j+jazWzAaCRH11bJ1RsniR3HvFSqeehVT9nB6qqIqpynwXK0K0AwLQDFUx/EKPu1lQjXXG6TtT3mukT6uX91icr0sTw3n6qquWSys2gG8iTWHVq96TZPg8GKXO2RVHYjdcVqHzzwS9E0PmNnxInU7hE9GO+xZkzmxGop9Z/aSVeVYk9Km02mtdUzVUK9UaxUdE2m7iOT1a+ZrGovoqPT6H0N2KfyQ728D1duDVis9zdb6mpqOPCJC/sVKfmrYe27/EhoNDNDUQsqKeVksUrUex7HI5rmqnKKip4VFT6meu8+WLWXdtgGj1helY63pTUdcka9XZknm7k/PH9SBrHr9k5+xoaAAAAAAAAAAAAVX3G7KpNR8xZq3pDlTcSzZj2TTPc58cFTMxERsySRor4ZeERFc1HI7hOUReXLwN10T9ohn1tfheX6wWWkskzexUzR1EcTpYuOHIrqenbK9FTwrXKiO9F9VLBbbdseG7csfnpbVUPut+uSN/ErvNEjHSo30jjZyvbjRfPTyqqvlVXhESRdQbLdckwLJcdsNRBBc7raKyiopahzmxRzywvZG56tRVRqOciqqIq8c8IvoQlsx22Zbtzx/JaHM7nZa2uvlZBKx9rmlkY2KJjkRHLJHGvPU93hEVOPqWMPkZbilhznGbliGUW9lbartTvpaqB/jqY5PoqeUci8Kip5RURU8oUsotpG6zQa83D9WzVqifYLhKsnule5jZEX0RXwyxSQueicJ3G8KvHoicIfc0z2Uah5RqTT6t7ps5p8muFG9ktPbIJHTRvcxeWNlcrWMZG13K9qNvSqr5XjlFsLuAxrVjM9OK/EtH7tZbVdbv/ADWpr7lUzQ+70rkXudlYopF7jk+HleOlFVUXnjjjtpG2Om26YfVR3iehuGWXmTquVdS9TomxNVe3BE57Wu6ET4lVWoqucvPhrePT3fbV2bisft9bjdVb7bl9mejKSsrFeyGamcvL4ZXMa5yIi/G1UavC9SeEeqp62SaQ7jsw2tT6N37KsVdl8vZt8l3ZXVSw1VuY9rl7j1p0ekrmt7bvhVHJyqry5USvGK7Dd3+Cwz02E612LH4apyPnjteR3SkbK5E4RXJHTojlRFXhVPufqkb9v7Tif50vP+yWA2raTa8aWw5MzW/Uz9L3XJ1GtsX8ZrK/3ZI0m7v/AFLG9HV1x/Lzz0+fRDi9xmyWbUPNE1c0dytmJZn3G1E/W6SOConb8s7ZIkV8MvhOVRrkdwi8IvUruGuuivtEs8tjsKy3V6y0tknZ2ameOojidLEvhzXPp6dJnoqeFRyojvRfVSwm2zbNiO3LGp6C1VLrrfLn0Oud2ljRjpunnpjjZyvbjbyqo3lVVVVVVfCJ9XcFoFie4XCFxPI5X0VXTSLUWy5QsR0lHPxxzwqp1scnhzFVOU48oqIqVhs+gntA9ObQmAYLq9Zpsdib2aWV1QxzoIvREa6aB0sSIno1jlRv7pK+1zZ9BoldqzUPO8hZk2dXJsjX1aK98VKki8yqx8nxySPXnqkciLwqoiJy5XWVAAAAAAAAAAAAAAAAAAAAAAAAAAAAAAAAAAAAAAAAAAAAAAAAAAAAAAAAAAAAAAAAAAAAAAAAAAAAAAAAAAAAAAAAAAAAAAAAAAAAAAAAAAAAAAAAAAAAAAAAAAAAAAAAAAAAAAAAAAAAAAAAAAAAAAAAAAAAAAAAAAAAAAAAAAAAAAAAAAAAAAAAAAAAAAAAAAAAAAAAAAAAAAAAAAAAAAAAAAAAAAAAAAAAAAAAAAAAAAAAAAAAAAAAAAAAAAAAAAAAAAAAAAAAAAAAAAAAAAAAAAAAAAAAAAAAAAAAAAAAAAAAAAAAAAAAAAAAAAAAAAAAAAAAAAAAAAAP/9k=\" data-filename=\"1.jpg\" style=\"width: 370px;\"></p>', '1676106998_5.jpg', 0, '1', 1, 1, '2023-02-18 13:16:46', '2023-02-11 09:18:52');
INSERT INTO `posts` (`id`, `category_id`, `user_id`, `title`, `slug`, `summary`, `description`, `image`, `is_deleted`, `is_active`, `create_by`, `update_by`, `created_at`, `updated_at`) VALUES
(13, 2, 1, 'Where does it come from?012', 'where-does-it-come-from012', 'The standard chunk of Lorem Ipsum used since the 1500s is reproduced below for those interested.', '<h2 style=\"margin-bottom: 10px; line-height: 24px; font-size: 24px; font-family: DauphinPlain;\">What is Lorem Ipsum?</h2><p style=\"margin-bottom: 15px; color: rgb(0, 0, 0); letter-spacing: normal; text-align: justify; font-family: &quot;Open Sans&quot;, Arial, sans-serif; font-size: 14px;\"><span style=\"font-weight: bolder;\">Lorem Ipsum</span>&nbsp;is simply dummy text of the printing and typesetting industry. Lorem Ipsum has been the industry\'s standard dummy text ever since the 1500s, when an unknown printer took a galley of type and scrambled it to make a type specimen book. It has survived not only five centuries, but also the leap into electronic typesetting, remaining essentially unchanged. It was popularised in the 1960s with the release of Letraset sheets containing Lorem Ipsum passages, and more recently with desktop publishing software like Aldus PageMaker including versions of Lorem Ipsum.</p><p style=\"margin-bottom: 15px; color: rgb(0, 0, 0); letter-spacing: normal; text-align: justify; font-family: &quot;Open Sans&quot;, Arial, sans-serif; font-size: 14px;\"><span style=\"font-weight: bolder;\">Lorem Ipsum</span>&nbsp;is simply dummy text of the printing and typesetting industry. Lorem Ipsum has been the industry\'s standard dummy text ever since the 1500s, when an unknown printer took a galley of type and scrambled it to make a type specimen book. It has survived not only five centuries, but also the leap into electronic typesetting, remaining essentially unchanged. It was popularised in the 1960s with the release of Letraset sheets containing Lorem Ipsum passages, and more recently with desktop publishing software like Aldus PageMaker including versions of Lorem Ipsum.</p><p style=\"margin-bottom: 15px; color: rgb(0, 0, 0); letter-spacing: normal; text-align: justify; font-family: &quot;Open Sans&quot;, Arial, sans-serif; font-size: 14px;\"><img src=\"data:image/jpeg;base64,/9j/4AAQSkZJRgABAQEAAQABAAD/2wBDAAMCAgICAgMCAgIDAwMDBAYEBAQEBAgGBgUGCQgKCgkICQkKDA8MCgsOCwkJDRENDg8QEBEQCgwSExIQEw8QEBD/wAALCAD6AXIBAREA/8QAHQABAAMBAAMBAQAAAAAAAAAAAAcICQYDBAUBAv/EAEAQAAEDAwMDAQYCBQoHAQAAAAABAgMEBQYHCBESEyExCRQiMkFRFWEWGCNCcRckQ1JYgYKWwdMlMzRTcnN1k//aAAgBAQAAPwC0AAAAAAAAAAAAAAAAAAAAAAAAAAAAAAAAAAAAAAAAAAAAAAAAAAAAAAAAAAAAAAAAAAAAAAAAAAAAAAAAAAAAAAAAAAAAAAAAAAAAAAAAAAAAAAAAAAAAAAAAAAAAAAAAAAAAAAAAAAAAAAAAAAAAAAAAAAAAAAAAAAAAAAAAAAAAAAAAAAAAAAAAAAAAAAAAAAAAAAAAAAAAAAAAAAAAAAAAAAAAAAAAAAAAAAAAAAAAAAAAAAAAAAAAAAAAAAAAAAAAAAAAAAAAAAAAAAAAAAAAAAAAAAAAAAAAAAAAAAAAAAAAAAAAAAABWzcjvOseit/h07xDG5ctzWo7aLQxPVIqVZOO21/SiufI7lFSNqc8KiqqcpzF1w3f7wcCo25bqZtspIcaYqOnfBS1VNJExf8AuSOklSP7cvYnnwWj0R1vwrXrC48xw2aViMk93raKoREno50RFVj0RVRUVFRUcnhUX7oqJBm4HcJuxwDVC44xpVoemSY5Tw076a4/o1cqzuOfE10id2CVsa8PVycInjjhfJHP62+/b+zGn+S7z/vHN3T2ge6+yZDDiV60kxm33ypdGyG21dhuMNVI6ReI0SJ9Sjl6lVOPHn6GhNwyGgxzGJsnyysgttJQUa1dwmkXiOBrWdT1X18J58eV/iU2qN82tmp9/r6HbVoX+OWu3P6X11xgmnV6fRzkifGyFXfRqvcqonP3ROk0e3z3O46gRaTbgcAdg+Q1MrKenqEbJFAsz/kZLFNy+NHeEa/qc1Vcnonkt0AfjnNY1XvcjWtTlVVeERCm2eb+L3ec2n0+216ZS5xXUznNdXvZLLDL0rw50cMXDliRf6Rz2p+XHCr8Su3t7k9Kqukq9etvUNDZaqRI/eaGKel4Vfo2SR8sbn8eehVaq8L5T1S3+m+o2J6r4db86wq4+92u4sVWKqdMkT0Xh8cjf3XtXlFT+9OUVFWvm8HdZqDoVmGKYXprj1lvFxvtNJPNBX0s9RI5XSpHAyJsMrF5c5JE4+JVXp44+sX/AK2u/f8Asxt/ybef94mDbDrfuY1Nze42TWjSBMTs1Pan1VNWJYK+h7lSk0TWx9dRI5q8sfIvSic/Dz6IpLetmtWG6EYTPmuYzyOZ1pBR0cHCz1lQqKqRsRfHoiqrl8IiKv2Raq0O8XeBmlvfmWnu22lqMXVXPhe+irKqSWNF89EjZI+76ccsjVOUUmfbHu8xncG6qxu4Wh2OZfbo1lqLZJL1snjRel0kLlRFXpXjqY5EVvKeXJyqWBAAAAAAAAAAAAK6aY7QKXBNfb5rtf8ANf0mrLqtXPSwT27suoqieRFV7X9xyO6Y+uNvhvCOJxzO8YtYcUu11zeqo6ewwUki3B9Zx2VgVqo5rkX5upF46frzwiLyUZ9l/Q3db9qHeKKCeLHZI6SBvXz0uqEfI5jUX0VzY3O5+3W37oaAEfa86v2jQ3TC76gXRrJpaViQW+lc7j3qsfykUX3455c7jyjWuX6FXNiGkF4zvILrur1Uc+43e7VUyWV1S3nl6qrZqpE9ERPMUaJ4ajX8J8qp03tL85rMf0ds+HUM7olyi6olTwvHcpqdvccz/wDR0K/4SbdsWn9u010Kw/HqGkZDNNbILhXuRvDpKudiSSucv1VFd0oq/utanoiEE+0v0/tt00stGpMFKxl3x+5xUjqlqcPdSTI5FYqp5XiVI1bz6dT+PmUlPBdwDKHavjeuGSWS931kNqiW7JaYopqhHxOWGeoVskjEVqPjc53CqqIqrxwiqnUaE7hNP9wtgrb9gzq+BbbUJTVdFcY446mFVTlj1ax729Dk56VR3lWuT1RT+ddtxGnm3myUN5zl9fUSXOdYKSht0cclVN0py96Ne9jehvLeVVyeXNTyqnr3i6X/AF/293Sq0/oK7F63MLTLBbf0ga2CRkMqdPdckDpVYjo1crVTlfLV4Q5jZ3tzuG3nBbnbMoS01OR3W4umqa23vfIx9O1rWwxo57GO4Re47jj1epIWu9vxi56MZrS5jHC+0fgdZLULKicM6InOa9vPo9rmtVqp56kTjyVc9lvU3d+D5zSTrItsiutK+mRflSd0Lkm4/PpbDz/cc1qfV0Wfe0hsNBcauGK24Y2kkmqJpEZDCykpnVznOcvhqJI/hVX6lrP1rtuH4p+EfyyYz3+ro6ve/wBjz/7uO3x+fVwSjR1tHcaSGvt9XDVU1QxJIZoZEfHIxU5RzXJ4VFT6oZ+bxZptYN4WA6J1E0i2ehdQ01TE1ypw6pkSSoen59hI0T/x/M0DoqKjttHBbrfSxU1LSxNhghiYjWRxtThrWonhERERERPsZ77soafQTeLg+r2NxNoYrysFdcmxfAkz2yrDV+nj9pA5vV93Ocq8qpocAAAAAAAAAAAAChusGw/XnOqa4Xyp12flFas81XTWa5SVKQR9TlckUMkkj2t4RelvwNb6eWodTsX3A0FXNPtyyPBbfiN/sDZ/d4qKJ0TKp8TuJ2SsernJUN4VznK5epEd8vT5uSZ5b1r/AHjXfcliW27GKpyU1tnhhqVb5a2rqER8srkT1SKn6V+6ftEL9Yxjdow/HLZitgpG01ttFJFR0sSfuxxtRrefuvCeV+q8qUZ9qosnb0xROe3zeVX7c/zLj/UvLiyRtxm0Ni46EoKdG8fbtt4IJ9oAka7XMm6+OUqrd0/x98i/05PJsQgZV7TsSpa2Fk1PKt0jWORqOa+Na+oRWqi+FReVRUKz53j1+2EbjKLULFqWpqNOsnkfHJTRryiQOciy0i8rx3I14kiVVTlERFVeHnuaNYTkm+HXWv1v1MopI8FsFQ2Git8i8xS9C9UVE36OanKSTO/eV3HCdfw6IsY1jUYxqNa1OERE4RE+x4quspLfSTV9fVRU1NTxulmmmejGRsanLnOcvhEREVVVfQz53Ga+5Zuvy+Dbrt7pJq2ySzotxuCcsZXdtyKr3O/o6WNeHdS+XuRvCfKjrkaCaM2PQfTW3YDZpfeJYlWpuFYrelaureidyVU+ieGtan0a1qcqqcrVm9+z+zjUbX3Is51Iy62QYpe7lVXBW2mokdWvidLzDTqkkSNYqM6UV3xonT4ReeUk/IvZ37b7tYJLZZbJdLHcFjVIrlBc55pGv48OdHK50bk59URreU9FT1IO2cZznGhe4S67Wc1uLqq2VFTU09K1XKsdPVsYszJYufljmjRV6fqr2L4Xq5ZLy72pNOlR8qVtF0c//GjVOP8AEaGGe/tT0j/GtOVT5/dbnz/Drp+P9TQOl7i00Ky/P229XP348nlAAAAAAAAAAABWHb1vAuurWsGQ6SZriVBjNxtbJ20kLKl8kks9PKrJ4lVyIiuROXIiInhj1+hZ4zi0xqaXUP2klwyfB3NntNFX19VPU0/mNYo6J1O+RFTwrXzOREX0XuIv1NGKqpgoqaasqpEjhgjdLI9fRrWpyqr/AHIZ57CaObVfcnn2tl3hdI+lZUVUSu/oaiumd08fbiJkzET7KaIlOfab4ZVXnSXH8ypYXSJjl3WOoVE/5cFSzp61/LuRwt/i9CwG3bOLfqHolhuT0FUyZ0topqeqRrue3VRMSOZi/ZUe13r9OF+pBHtLc4t9m0ZtuEJVM/Eciu0UiQdXxe7QI5738fZJFhT+9fsTdtiwyr0/0BwfFrhC6Grp7UyoqYnJw6Kadzp3sX82ulVF/NCoe4jPL/vF1ytW3TS2rRcXslY6W43FidcUksfLZqpVTwscTXOYzyiPe5eFXqZx59rupWRbWdZLptf1aqu3Za6u/wCE10nwwxVEnHalYq+kM6dPP9V/HPHxqX9rq2jtlFUXK41UVNS0kT555pXI1kUbUVXOcq+ERERVVfyM8dSNU9VN9Go02j+jazWzAaCRH11bJ1RsniR3HvFSqeehVT9nB6qqIqpynwXK0K0AwLQDFUx/EKPu1lQjXXG6TtT3mukT6uX91icr0sTw3n6qquWSys2gG8iTWHVq96TZPg8GKXO2RVHYjdcVqHzzwS9E0PmNnxInU7hE9GO+xZkzmxGop9Z/aSVeVYk9Km02mtdUzVUK9UaxUdE2m7iOT1a+ZrGovoqPT6H0N2KfyQ728D1duDVis9zdb6mpqOPCJC/sVKfmrYe27/EhoNDNDUQsqKeVksUrUex7HI5rmqnKKip4VFT6meu8+WLWXdtgGj1helY63pTUdcka9XZknm7k/PH9SBrHr9k5+xoaAAAAAAAAAAAAVX3G7KpNR8xZq3pDlTcSzZj2TTPc58cFTMxERsySRor4ZeERFc1HI7hOUReXLwN10T9ohn1tfheX6wWWkskzexUzR1EcTpYuOHIrqenbK9FTwrXKiO9F9VLBbbdseG7csfnpbVUPut+uSN/ErvNEjHSo30jjZyvbjRfPTyqqvlVXhESRdQbLdckwLJcdsNRBBc7raKyiopahzmxRzywvZG56tRVRqOciqqIq8c8IvoQlsx22Zbtzx/JaHM7nZa2uvlZBKx9rmlkY2KJjkRHLJHGvPU93hEVOPqWMPkZbilhznGbliGUW9lbartTvpaqB/jqY5PoqeUci8Kip5RURU8oUsotpG6zQa83D9WzVqifYLhKsnule5jZEX0RXwyxSQueicJ3G8KvHoicIfc0z2Uah5RqTT6t7ps5p8muFG9ktPbIJHTRvcxeWNlcrWMZG13K9qNvSqr5XjlFsLuAxrVjM9OK/EtH7tZbVdbv/ADWpr7lUzQ+70rkXudlYopF7jk+HleOlFVUXnjjjtpG2Om26YfVR3iehuGWXmTquVdS9TomxNVe3BE57Wu6ET4lVWoqucvPhrePT3fbV2bisft9bjdVb7bl9mejKSsrFeyGamcvL4ZXMa5yIi/G1UavC9SeEeqp62SaQ7jsw2tT6N37KsVdl8vZt8l3ZXVSw1VuY9rl7j1p0ekrmt7bvhVHJyqry5USvGK7Dd3+Cwz02E612LH4apyPnjteR3SkbK5E4RXJHTojlRFXhVPufqkb9v7Tif50vP+yWA2raTa8aWw5MzW/Uz9L3XJ1GtsX8ZrK/3ZI0m7v/AFLG9HV1x/Lzz0+fRDi9xmyWbUPNE1c0dytmJZn3G1E/W6SOConb8s7ZIkV8MvhOVRrkdwi8IvUruGuuivtEs8tjsKy3V6y0tknZ2ameOojidLEvhzXPp6dJnoqeFRyojvRfVSwm2zbNiO3LGp6C1VLrrfLn0Oud2ljRjpunnpjjZyvbjbyqo3lVVVVVVfCJ9XcFoFie4XCFxPI5X0VXTSLUWy5QsR0lHPxxzwqp1scnhzFVOU48oqIqVhs+gntA9ObQmAYLq9Zpsdib2aWV1QxzoIvREa6aB0sSIno1jlRv7pK+1zZ9BoldqzUPO8hZk2dXJsjX1aK98VKki8yqx8nxySPXnqkciLwqoiJy5XWVAAAAAAAAAAAAAAAAAAAAAAAAAAAAAAAAAAAAAAAAAAAAAAAAAAAAAAAAAAAAAAAAAAAAAAAAAAAAAAAAAAAAAAAAAAAAAAAAAAAAAAAAAAAAAAAAAAAAAAAAAAAAAAAAAAAAAAAAAAAAAAAAAAAAAAAAAAAAAAAAAAAAAAAAAAAAAAAAAAAAAAAAAAAAAAAAAAAAAAAAAAAAAAAAAAAAAAAAAAAAAAAAAAAAAAAAAAAAAAAAAAAAAAAAAAAAAAAAAAAAAAAAAAAAAAAAAAAAAAAAAAAAAAAAAAAAAAAAAAAAAAAAAAAAAAAAAAAAAAAAAAAAAAAAAAAAAAAP/9k=\" data-filename=\"1.jpg\" style=\"width: 370px;\"></p>', '1676106998_5.jpg', 0, '1', 1, 1, '2023-02-19 09:16:38', '2023-02-11 14:10:28');

-- --------------------------------------------------------

--
-- Table structure for table `post_categories`
--

CREATE TABLE `post_categories` (
  `id` bigint(20) UNSIGNED NOT NULL,
  `title` varchar(255) COLLATE utf8mb4_unicode_ci NOT NULL,
  `slug` varchar(255) COLLATE utf8mb4_unicode_ci NOT NULL,
  `is_deleted` tinyint(4) NOT NULL DEFAULT 0,
  `is_active` varchar(255) COLLATE utf8mb4_unicode_ci NOT NULL DEFAULT '1',
  `create_by` int(11) NOT NULL,
  `update_by` int(11) DEFAULT NULL,
  `created_at` timestamp NULL DEFAULT NULL,
  `updated_at` timestamp NULL DEFAULT NULL
) ENGINE=InnoDB DEFAULT CHARSET=utf8mb4 COLLATE=utf8mb4_unicode_ci;

--
-- Dumping data for table `post_categories`
--

INSERT INTO `post_categories` (`id`, `title`, `slug`, `is_deleted`, `is_active`, `create_by`, `update_by`, `created_at`, `updated_at`) VALUES
(1, 'Travel', 'travel', 0, '1', 1, 1, '2023-02-11 05:30:15', '2023-02-11 05:32:09'),
(2, 'Test', 'test', 0, '1', 1, 1, '2023-02-11 14:10:05', '2023-02-11 14:10:12');

-- --------------------------------------------------------

--
-- Table structure for table `products`
--

CREATE TABLE `products` (
  `id` bigint(20) UNSIGNED NOT NULL,
  `category_id` bigint(20) UNSIGNED DEFAULT NULL,
  `child_category_id` bigint(20) UNSIGNED DEFAULT NULL,
  `title` varchar(255) COLLATE utf8mb4_unicode_ci NOT NULL,
  `slug` varchar(255) COLLATE utf8mb4_unicode_ci NOT NULL,
  `summary` text COLLATE utf8mb4_unicode_ci NOT NULL,
  `description` longtext COLLATE utf8mb4_unicode_ci DEFAULT NULL,
  `stock` int(11) NOT NULL DEFAULT 1,
  `size` varchar(255) COLLATE utf8mb4_unicode_ci NOT NULL DEFAULT 'a4',
  `condition` enum('default','new','best_selling','out_of_stock') COLLATE utf8mb4_unicode_ci NOT NULL DEFAULT 'default',
  `price` double(8,2) NOT NULL,
  `discount` double(8,2) NOT NULL,
  `is_deleted` tinyint(4) NOT NULL DEFAULT 0,
  `is_active` varchar(255) COLLATE utf8mb4_unicode_ci NOT NULL DEFAULT '1',
  `create_by` int(11) NOT NULL,
  `update_by` int(11) DEFAULT NULL,
  `created_at` timestamp NULL DEFAULT NULL,
  `updated_at` timestamp NULL DEFAULT NULL
) ENGINE=InnoDB DEFAULT CHARSET=utf8mb4 COLLATE=utf8mb4_unicode_ci;

--
-- Dumping data for table `products`
--

INSERT INTO `products` (`id`, `category_id`, `child_category_id`, `title`, `slug`, `summary`, `description`, `stock`, `size`, `condition`, `price`, `discount`, `is_deleted`, `is_active`, `create_by`, `update_by`, `created_at`, `updated_at`) VALUES
(1, 1, 4, 'Red Dead Redemption 2 Notebook', 'red-dead-redemption-2-notebook', 'We provide 16 cover art with every Notebook and 10 different logos on every page', 'We provide 16 cover art with every Notebook and 10 different logos on every page\r\n\r\n4 Main Cover Art (8 sides of cover): 300 gsm Matte paper for Premium Quality\r\n\r\n4 Inside Cover Art (8 sides of cover): 170 gsm Flexible matte paper for Elegant look\r\n\r\n+ Other work on other pages depends upon our innovation and creativity as we always try to improve and innovate: D\r\n\r\nCoating: Extra Matte Lamination Coating on all Art Cover for more Premium Quality\r\n\r\nQuality: 4k Print Quality', 100, 'a4,a5', 'default', 400.00, 10.00, 0, '1', 1, 1, '2023-02-07 13:32:25', '2023-02-07 13:34:51'),
(2, 1, 5, 'Kratos Fearless Diary', 'kratos-fearless-diary', 'We provide 16 cover art with every Notebook and 10 different logos on every page\r\n\r\n4 Main Cover Art (8 sides of cover): 300 gsm Matte paper for Premium Quality\r\n\r\n4 Inside Cover Art (8 sides of cover): 170 gsm Flexible matte paper for Elegant look\r\n\r\n+ Other work on other pages depends upon our innovation and creativity as we always try to improve and innovate: D\r\n\r\nCoating: Extra Matte Lamination Coating on all Art Cover for more Premium Quality\r\n\r\nQuality: 4k Print Quality', 'We provide 16 cover art with every Notebook and 10 different logos on every page\r\n\r\n4 Main Cover Art (8 sides of cover): 300 gsm Matte paper for Premium Quality\r\n\r\n4 Inside Cover Art (8 sides of cover): 170 gsm Flexible matte paper for Elegant look\r\n\r\n+ Other work on other pages depends upon our innovation and creativity as we always try to improve and innovate: D\r\n\r\nCoating: Extra Matte Lamination Coating on all Art Cover for more Premium Quality\r\n\r\nQuality: 4k Print Quality', 100, 'a4,a5', 'default', 400.00, 10.00, 0, '1', 1, NULL, '2023-02-07 13:41:30', '2023-02-07 13:41:30'),
(3, 1, 5, 'Red Dead Redemption 2 Hangover diary', 'red-dead-redemption-2-hangover-diary', 'HARD COVER: There are total 16 covers in this diary in which there are 8 sides of hardcovers which are made from 300 gsm artboard paper & 8 sides of softcovers which are made from 170 gsm artboard paper (NOTE: All These covers will come with matte lamination coating which makes notebook sturdy for long time without wear and tear)\r\n\r\nINSIDE PAGES: Total 120 ruled pages inside this diary (100 gsm off-white papers used)\r\n\r\nSIZE: A5 size\r\n\r\nIn centimeters: (14.732 c.m X 29.718c.m)\r\n\r\nIn Inches:(5.8 X 8.3)', '<p><strong>We provide 16 cover art with every Notebook and 10 different logos on every page</strong></p><p><strong>4 Main Cover Art (8 sides of cover) </strong>: 300 gsm Matte paper for Premium Quality</p><p><strong>4 Inside Cover Art (8 sides of cover) </strong>: 170 gsm Flexible matte paper for Elegant look</p><p>+ Other work on other pages depends upon our innovation and creativity as we always try to improve and innovate: D</p><p><strong>Coating: </strong>Extra Matte Lamination Coating on all Art Cover for more Premium Quality</p><p><strong>Quality: </strong>4k Print Quality</p><p><strong>Size: </strong>A4,A5</p><p><strong>Paper Details :</strong></p><ul><li>&nbsp; &nbsp; &nbsp;100 gsm Off-white paper<ul><li>&nbsp; &nbsp; &nbsp; logo on every page with date</li><li>&nbsp; &nbsp; &nbsp; 100 % Eco Friendly Certified Paper Inside</li><li>&nbsp; &nbsp; &nbsp; &nbsp;Round Edges</li></ul></li></ul>', 100, 'a4,a5', 'default', 500.00, 5.00, 0, '1', 1, 1, '2023-02-08 07:07:18', '2023-02-10 10:19:23'),
(4, 2, 6, 'Anime Posters Red Dead Redemption', 'anime-posters-red-dead-redemption', 'HARD COVER: There are total 16 covers in this diary in which there are 8 sides of hardcovers which are made from 300 gsm artboard paper & 8 sides of softcovers which are made from 170 gsm artboard paper (NOTE: All These covers will come with matte lamination coating which makes notebook sturdy for long time without wear and tear)\r\n\r\nINSIDE PAGES: Total 120 ruled pages inside this diary (100 gsm off-white papers used)\r\n\r\nSIZE: A5 size\r\n\r\nIn centimeters: (14.732 c.m X 29.718c.m)\r\n\r\nIn Inches:(5.8 X 8.3)', 'HARD COVER: There are total 16 covers in this diary in which there are 8 sides of hardcovers which are made from 300 gsm artboard paper & 8 sides of softcovers which are made from 170 gsm artboard paper (NOTE: All These covers will come with matte lamination coating which makes notebook sturdy for long time without wear and tear)\r\n\r\nINSIDE PAGES: Total 120 ruled pages inside this diary (100 gsm off-white papers used)\r\n\r\nSIZE: A5 size\r\n\r\nIn centimeters: (14.732 c.m X 29.718c.m)\r\n\r\nIn Inches:(5.8 X 8.3)', 100, 'a4,a5', 'default', 500.00, 5.00, 0, '1', 1, NULL, '2023-02-08 07:07:18', '2023-02-08 07:07:18'),
(5, 2, 6, 'Anime Posters Kratos Fearless Diary', 'anime-posters-kratos-fearless-diary', 'HARD COVER: There are total 16 covers in this diary in which there are 8 sides of hardcovers which are made from 300 gsm artboard paper & 8 sides of softcovers which are made from 170 gsm artboard paper (NOTE: All These covers will come with matte lamination coating which makes notebook sturdy for long time without wear and tear)\r\n\r\nINSIDE PAGES: Total 120 ruled pages inside this diary (100 gsm off-white papers used)\r\n\r\nSIZE: A5 size\r\n\r\nIn centimeters: (14.732 c.m X 29.718c.m)\r\n\r\nIn Inches:(5.8 X 8.3)', 'HARD COVER: There are total 16 covers in this diary in which there are 8 sides of hardcovers which are made from 300 gsm artboard paper & 8 sides of softcovers which are made from 170 gsm artboard paper (NOTE: All These covers will come with matte lamination coating which makes notebook sturdy for long time without wear and tear)\r\n\r\nINSIDE PAGES: Total 120 ruled pages inside this diary (100 gsm off-white papers used)\r\n\r\nSIZE: A5 size\r\n\r\nIn centimeters: (14.732 c.m X 29.718c.m)\r\n\r\nIn Inches:(5.8 X 8.3)', 100, 'a4,a5', 'default', 500.00, 5.00, 0, '1', 1, NULL, '2023-02-08 07:07:18', '2023-02-08 07:07:18'),
(6, 3, 8, 'Stickers Red Dead Redemption', 'stickers-red-dead-redemption', 'HARD COVER: There are total 16 covers in this diary in which there are 8 sides of hardcovers which are made from 300 gsm artboard paper & 8 sides of softcovers which are made from 170 gsm artboard paper (NOTE: All These covers will come with matte lamination coating which makes notebook sturdy for long time without wear and tear)\r\n\r\nINSIDE PAGES: Total 120 ruled pages inside this diary (100 gsm off-white papers used)\r\n\r\nSIZE: A5 size\r\n\r\nIn centimeters: (14.732 c.m X 29.718c.m)\r\n\r\nIn Inches:(5.8 X 8.3)', 'HARD COVER: There are total 16 covers in this diary in which there are 8 sides of hardcovers which are made from 300 gsm artboard paper & 8 sides of softcovers which are made from 170 gsm artboard paper (NOTE: All These covers will come with matte lamination coating which makes notebook sturdy for long time without wear and tear)\r\n\r\nINSIDE PAGES: Total 120 ruled pages inside this diary (100 gsm off-white papers used)\r\n\r\nSIZE: A5 size\r\n\r\nIn centimeters: (14.732 c.m X 29.718c.m)\r\n\r\nIn Inches:(5.8 X 8.3)', 100, 'a4,a5', 'default', 500.00, 5.00, 0, '1', 1, NULL, '2023-02-08 07:07:18', '2023-02-08 07:07:18'),
(7, 3, 8, 'Stickers Red Dead Redemption 2 Notebook', 'stickers-red-dead-redemption-2-notebook', 'HARD COVER: There are total 16 covers in this diary in which there are 8 sides of hardcovers which are made from 300 gsm artboard paper & 8 sides of softcovers which are made from 170 gsm artboard paper (NOTE: All These covers will come with matte lamination coating which makes notebook sturdy for long time without wear and tear)\r\n\r\nINSIDE PAGES: Total 120 ruled pages inside this diary (100 gsm off-white papers used)\r\n\r\nSIZE: A5 size\r\n\r\nIn centimeters: (14.732 c.m X 29.718c.m)\r\n\r\nIn Inches:(5.8 X 8.3)', 'HARD COVER: There are total 16 covers in this diary in which there are 8 sides of hardcovers which are made from 300 gsm artboard paper & 8 sides of softcovers which are made from 170 gsm artboard paper (NOTE: All These covers will come with matte lamination coating which makes notebook sturdy for long time without wear and tear)\r\n\r\nINSIDE PAGES: Total 120 ruled pages inside this diary (100 gsm off-white papers used)\r\n\r\nSIZE: A5 size\r\n\r\nIn centimeters: (14.732 c.m X 29.718c.m)\r\n\r\nIn Inches:(5.8 X 8.3)', 100, 'a4,a5', 'default', 500.00, 5.00, 0, '1', 1, NULL, '2023-02-08 07:07:18', '2023-02-08 07:07:18');

-- --------------------------------------------------------

--
-- Table structure for table `product_images`
--

CREATE TABLE `product_images` (
  `id` bigint(20) UNSIGNED NOT NULL,
  `product_id` bigint(20) UNSIGNED DEFAULT NULL,
  `name` varchar(255) COLLATE utf8mb4_unicode_ci NOT NULL,
  `type` varchar(255) COLLATE utf8mb4_unicode_ci NOT NULL,
  `created_at` timestamp NULL DEFAULT NULL,
  `updated_at` timestamp NULL DEFAULT NULL
) ENGINE=InnoDB DEFAULT CHARSET=utf8mb4 COLLATE=utf8mb4_unicode_ci;

--
-- Dumping data for table `product_images`
--

INSERT INTO `product_images` (`id`, `product_id`, `name`, `type`, `created_at`, `updated_at`) VALUES
(1, 1, '1675776745_01.png', 'png', '2023-02-07 13:32:25', '2023-02-07 13:32:25'),
(2, 1, '1675776745_02.png', 'png', '2023-02-07 13:32:25', '2023-02-07 13:32:25'),
(3, 1, '1675776745_03.png', 'png', '2023-02-07 13:32:26', '2023-02-07 13:32:26'),
(4, 1, '1675776746_04.png', 'png', '2023-02-07 13:32:26', '2023-02-07 13:32:26'),
(5, 1, '1675776746_05.png', 'png', '2023-02-07 13:32:26', '2023-02-07 13:32:26'),
(6, 1, '1675776746_06.png', 'png', '2023-02-07 13:32:26', '2023-02-07 13:32:26'),
(7, 2, '1675777290_01.png', 'png', '2023-02-07 13:41:30', '2023-02-07 13:41:30'),
(8, 2, '1675777290_02.png', 'png', '2023-02-07 13:41:30', '2023-02-07 13:41:30'),
(9, 2, '1675777290_03.png', 'png', '2023-02-07 13:41:30', '2023-02-07 13:41:30'),
(10, 2, '1675777290_04.png', 'png', '2023-02-07 13:41:30', '2023-02-07 13:41:30'),
(11, 2, '1675777290_05.png', 'png', '2023-02-07 13:41:30', '2023-02-07 13:41:30'),
(12, 2, '1675777290_06.png', 'png', '2023-02-07 13:41:30', '2023-02-07 13:41:30'),
(13, 3, '1675840038_01.png', 'png', '2023-02-08 07:07:18', '2023-02-08 07:07:18'),
(14, 3, '1675840038_02.png', 'png', '2023-02-08 07:07:18', '2023-02-08 07:07:18'),
(19, 4, '1675840038_01.png', 'png', '2023-02-08 07:07:18', '2023-02-08 07:07:18'),
(20, 5, '1675777290_03.png', 'png', '2023-02-07 13:41:30', '2023-02-07 13:41:30'),
(21, 6, '1675777290_04.png', 'png', '2023-02-07 13:41:30', '2023-02-07 13:41:30'),
(22, 7, '1675776746_04.png', 'png', '2023-02-07 13:32:26', '2023-02-07 13:32:26'),
(27, 3, '1676020910_03.png', 'png', '2023-02-10 09:21:50', '2023-02-10 09:21:50'),
(28, 3, '1676020910_04.png', 'png', '2023-02-10 09:21:50', '2023-02-10 09:21:50'),
(29, 3, '1676020910_05.png', 'png', '2023-02-10 09:21:50', '2023-02-10 09:21:50');

-- --------------------------------------------------------

--
-- Table structure for table `settings`
--

CREATE TABLE `settings` (
  `id` bigint(20) UNSIGNED NOT NULL,
  `summary` text COLLATE utf8mb4_unicode_ci NOT NULL,
  `description` longtext COLLATE utf8mb4_unicode_ci NOT NULL,
  `logo` varchar(255) COLLATE utf8mb4_unicode_ci NOT NULL,
  `address` varchar(255) COLLATE utf8mb4_unicode_ci NOT NULL,
  `phone_1` varchar(255) COLLATE utf8mb4_unicode_ci NOT NULL,
  `phone_2` varchar(255) COLLATE utf8mb4_unicode_ci DEFAULT NULL,
  `email_1` varchar(255) COLLATE utf8mb4_unicode_ci NOT NULL,
  `email_2` varchar(255) COLLATE utf8mb4_unicode_ci DEFAULT NULL,
  `created_at` timestamp NULL DEFAULT NULL,
  `updated_at` timestamp NULL DEFAULT NULL
) ENGINE=InnoDB DEFAULT CHARSET=utf8mb4 COLLATE=utf8mb4_unicode_ci;

--
-- Dumping data for table `settings`
--

INSERT INTO `settings` (`id`, `summary`, `description`, `logo`, `address`, `phone_1`, `phone_2`, `email_1`, `email_2`, `created_at`, `updated_at`) VALUES
(1, 'Praesent dapibus, neque id cursus ucibus, tortor neque egestas augue, magna eros eu erat. Aliquam erat volutpat. Nam dui mi, tincidunt quis, accumsan porttitor, facilisis luctus, metus.', '<p><span style=\"font-family: Nunito, -apple-system, BlinkMacSystemFont, &quot;Segoe UI&quot;, Roboto, &quot;Helvetica Neue&quot;, Arial, sans-serif, &quot;Apple Color Emoji&quot;, &quot;Segoe UI Emoji&quot;, &quot;Segoe UI Symbol&quot;, &quot;Noto Color Emoji&quot;; font-size: 16px; letter-spacing: normal;\">Excepteur sint occaecat cupidatat non proident, sunt in culpa qui officia deserunt mollit anim id est laborum. sed ut perspiciatis unde sunt in culpa qui officia deserunt mollit anim id est laborum. sed ut perspiciatis unde omnis iste natus error sit voluptatem Excepteu sunt in culpa qui officia deserunt mollit anim id est laborum. sed ut perspiciatis Excepteur sint occaecat cupidatat non proident, sunt in culpa qui officia deserunt mollit anim id est laborum. sed ut perspi deserunt mollit anim id est laborum. sed ut perspi.</span></p>', '1676112255_logo.png', 'NO. 342 - London Oxford Street, 0 United Kingdom', '9632587410', '9637410258', 'info@eshop.in', 'Company@domain.com', '2023-02-11 10:39:54', '2023-02-11 10:44:15');

-- --------------------------------------------------------

--
-- Table structure for table `users`
--

CREATE TABLE `users` (
  `id` bigint(20) UNSIGNED NOT NULL,
  `role` enum('superadmin','admin','user') COLLATE utf8mb4_unicode_ci NOT NULL DEFAULT 'user',
  `name` varchar(255) COLLATE utf8mb4_unicode_ci NOT NULL,
  `email` varchar(255) COLLATE utf8mb4_unicode_ci NOT NULL,
  `email_verified_at` timestamp NULL DEFAULT NULL,
  `mobile_no` varchar(255) COLLATE utf8mb4_unicode_ci DEFAULT NULL,
  `image` varchar(255) COLLATE utf8mb4_unicode_ci DEFAULT NULL,
  `password` varchar(255) COLLATE utf8mb4_unicode_ci NOT NULL,
  `remember_token` varchar(100) COLLATE utf8mb4_unicode_ci DEFAULT NULL,
  `is_deleted` tinyint(4) NOT NULL DEFAULT 0,
  `is_active` varchar(255) COLLATE utf8mb4_unicode_ci NOT NULL DEFAULT '1',
  `created_at` timestamp NULL DEFAULT NULL,
  `updated_at` timestamp NULL DEFAULT NULL
) ENGINE=InnoDB DEFAULT CHARSET=utf8mb4 COLLATE=utf8mb4_unicode_ci;

--
-- Dumping data for table `users`
--

INSERT INTO `users` (`id`, `role`, `name`, `email`, `email_verified_at`, `mobile_no`, `image`, `password`, `remember_token`, `is_deleted`, `is_active`, `created_at`, `updated_at`) VALUES
(1, 'superadmin', 'admin', 'admin@admin.com', NULL, '9638527410', '1675081067_u8---Copy.jpg', '$2y$10$b4Wvxk1W/1l4/fkfesuqoePb6fbOmdXfO6Wsohi8TLsgI5tRU1si6', '46OA43dnNKwbT2J1YBnEyigqaavjIsbqXzlrFGwbbvkIBBudXS4Mv1MJSXNe', 0, '1', '2023-01-28 01:57:30', '2023-02-03 03:14:11'),
(2, 'user', 'parth', 'parth@test.tk', NULL, NULL, NULL, '$2y$10$NBChfHIFBDmfF7I2hZ14s.h795F6Qr9IcbFVe0Z7/DTdIBrp2QUSa', 'mEvS5B85Zxpawz2JBzYH3T5YTqtjwpDfwGC6f7gXfuu8T3VqPkCl4RTZMoxn', 0, '1', '2023-01-28 01:57:30', '2023-01-30 00:58:05');

--
-- Indexes for dumped tables
--

--
-- Indexes for table `banners`
--
ALTER TABLE `banners`
  ADD PRIMARY KEY (`id`),
  ADD UNIQUE KEY `banners_title_unique` (`title`);

--
-- Indexes for table `carts`
--
ALTER TABLE `carts`
  ADD PRIMARY KEY (`id`);

--
-- Indexes for table `categories`
--
ALTER TABLE `categories`
  ADD PRIMARY KEY (`id`),
  ADD UNIQUE KEY `categories_title_unique` (`title`);

--
-- Indexes for table `failed_jobs`
--
ALTER TABLE `failed_jobs`
  ADD PRIMARY KEY (`id`),
  ADD UNIQUE KEY `failed_jobs_uuid_unique` (`uuid`);

--
-- Indexes for table `migrations`
--
ALTER TABLE `migrations`
  ADD PRIMARY KEY (`id`);

--
-- Indexes for table `orders`
--
ALTER TABLE `orders`
  ADD PRIMARY KEY (`id`),
  ADD UNIQUE KEY `orders_order_number_unique` (`order_number`);

--
-- Indexes for table `password_resets`
--
ALTER TABLE `password_resets`
  ADD KEY `password_resets_email_index` (`email`);

--
-- Indexes for table `personal_access_tokens`
--
ALTER TABLE `personal_access_tokens`
  ADD PRIMARY KEY (`id`),
  ADD UNIQUE KEY `personal_access_tokens_token_unique` (`token`),
  ADD KEY `personal_access_tokens_tokenable_type_tokenable_id_index` (`tokenable_type`,`tokenable_id`);

--
-- Indexes for table `posts`
--
ALTER TABLE `posts`
  ADD PRIMARY KEY (`id`),
  ADD UNIQUE KEY `posts_slug_unique` (`slug`);

--
-- Indexes for table `post_categories`
--
ALTER TABLE `post_categories`
  ADD PRIMARY KEY (`id`),
  ADD UNIQUE KEY `post_categories_slug_unique` (`slug`);

--
-- Indexes for table `products`
--
ALTER TABLE `products`
  ADD PRIMARY KEY (`id`),
  ADD UNIQUE KEY `products_slug_unique` (`slug`);

--
-- Indexes for table `product_images`
--
ALTER TABLE `product_images`
  ADD PRIMARY KEY (`id`);

--
-- Indexes for table `settings`
--
ALTER TABLE `settings`
  ADD PRIMARY KEY (`id`);

--
-- Indexes for table `users`
--
ALTER TABLE `users`
  ADD PRIMARY KEY (`id`),
  ADD UNIQUE KEY `users_email_unique` (`email`),
  ADD UNIQUE KEY `users_phone_no_unique` (`mobile_no`);

--
-- AUTO_INCREMENT for dumped tables
--

--
-- AUTO_INCREMENT for table `banners`
--
ALTER TABLE `banners`
  MODIFY `id` bigint(20) UNSIGNED NOT NULL AUTO_INCREMENT, AUTO_INCREMENT=4;

--
-- AUTO_INCREMENT for table `carts`
--
ALTER TABLE `carts`
  MODIFY `id` bigint(20) UNSIGNED NOT NULL AUTO_INCREMENT, AUTO_INCREMENT=3;

--
-- AUTO_INCREMENT for table `categories`
--
ALTER TABLE `categories`
  MODIFY `id` bigint(20) UNSIGNED NOT NULL AUTO_INCREMENT, AUTO_INCREMENT=10;

--
-- AUTO_INCREMENT for table `failed_jobs`
--
ALTER TABLE `failed_jobs`
  MODIFY `id` bigint(20) UNSIGNED NOT NULL AUTO_INCREMENT;

--
-- AUTO_INCREMENT for table `migrations`
--
ALTER TABLE `migrations`
  MODIFY `id` int(10) UNSIGNED NOT NULL AUTO_INCREMENT, AUTO_INCREMENT=14;

--
-- AUTO_INCREMENT for table `orders`
--
ALTER TABLE `orders`
  MODIFY `id` bigint(20) UNSIGNED NOT NULL AUTO_INCREMENT;

--
-- AUTO_INCREMENT for table `personal_access_tokens`
--
ALTER TABLE `personal_access_tokens`
  MODIFY `id` bigint(20) UNSIGNED NOT NULL AUTO_INCREMENT;

--
-- AUTO_INCREMENT for table `posts`
--
ALTER TABLE `posts`
  MODIFY `id` bigint(20) UNSIGNED NOT NULL AUTO_INCREMENT, AUTO_INCREMENT=14;

--
-- AUTO_INCREMENT for table `post_categories`
--
ALTER TABLE `post_categories`
  MODIFY `id` bigint(20) UNSIGNED NOT NULL AUTO_INCREMENT, AUTO_INCREMENT=3;

--
-- AUTO_INCREMENT for table `products`
--
ALTER TABLE `products`
  MODIFY `id` bigint(20) UNSIGNED NOT NULL AUTO_INCREMENT, AUTO_INCREMENT=8;

--
-- AUTO_INCREMENT for table `product_images`
--
ALTER TABLE `product_images`
  MODIFY `id` bigint(20) UNSIGNED NOT NULL AUTO_INCREMENT, AUTO_INCREMENT=31;

--
-- AUTO_INCREMENT for table `settings`
--
ALTER TABLE `settings`
  MODIFY `id` bigint(20) UNSIGNED NOT NULL AUTO_INCREMENT, AUTO_INCREMENT=2;

--
-- AUTO_INCREMENT for table `users`
--
ALTER TABLE `users`
  MODIFY `id` bigint(20) UNSIGNED NOT NULL AUTO_INCREMENT, AUTO_INCREMENT=9;
COMMIT;

/*!40101 SET CHARACTER_SET_CLIENT=@OLD_CHARACTER_SET_CLIENT */;
/*!40101 SET CHARACTER_SET_RESULTS=@OLD_CHARACTER_SET_RESULTS */;
/*!40101 SET COLLATION_CONNECTION=@OLD_COLLATION_CONNECTION */;
